{
    "mean_exact_match": 0.0,
    "mean_bleu_score": 0.13089046836817714,
    "mean_rougeL_score": 0.35999769970528667,
    "mean_rouge4_score": 0.011224833065457,
    "mean_wer_score": 0.9527021400616205,
    "mean_cer_score": 0.7588000124933629,
    "total_validation_time": 469.9382562637329,
    "token_use_counts": [
        1045,
        1045,
        1045,
        1045,
        1045,
        1045,
        1045,
        1045,
        1045,
        1045,
        1045,
        1045,
        1045,
        1045,
        1045,
        1045,
        1045,
        1045,
        1045,
        1045,
        1045,
        1045,
        1045,
        1045,
        1045,
        1045,
        1045,
        1045,
        1045,
        1045,
        1045,
        1045,
        1045,
        1045,
        1045,
        1045,
        1045,
        1045,
        1045,
        1045,
        1045,
        1045,
        1045,
        1045,
        1045,
        1045,
        1045,
        1045,
        1045,
        1045,
        1045,
        1045,
        1045,
        1045,
        1045,
        1045,
        1045,
        1045,
        1045,
        1045,
        1045,
        1045,
        1045,
        1045,
        1045,
        1045,
        1045,
        1045,
        1045,
        1045,
        1045,
        1045,
        1045,
        1045,
        1045,
        1045,
        1045,
        1045,
        1045,
        1045,
        1045,
        1045,
        1045,
        1045,
        1045,
        1045,
        1045,
        1045,
        1045,
        1045,
        1045,
        1045,
        1045,
        1045,
        1045,
        1045,
        1045,
        1045,
        1045,
        1045,
        0,
        0,
        0,
        0,
        0,
        0,
        0,
        0,
        0,
        0,
        0,
        0,
        0,
        0,
        0,
        0,
        0,
        0,
        0,
        0,
        0,
        0,
        0,
        0,
        0,
        0,
        0,
        0,
        0,
        0,
        0,
        0,
        0,
        0,
        0,
        0,
        0,
        0,
        0,
        0,
        0,
        0,
        0,
        0,
        0,
        0,
        0,
        0,
        0,
        0,
        0,
        0,
        0,
        0,
        0,
        0,
        0,
        0,
        0,
        0
    ]
}