{
    "mean_exact_match": 0.034835800528526306,
    "mean_bleu_score": 0.034513024651101065,
    "mean_rougeL_score": 0.026387418119549488,
    "mean_rouge4_score": 0.0008157789838407997,
    "mean_wer_score": 0.9964325038537767,
    "mean_cer_score": 0.662294567656925,
    "total_validation_time": 6530.5657658576965,
    "token_use_counts": [
        15530,
        15530,
        15530,
        15530,
        15530,
        15530,
        15530,
        15530,
        15530,
        15530,
        15530,
        15530,
        15530,
        15530,
        15530,
        15530,
        15530,
        15530,
        15530,
        15530,
        15530,
        15530,
        15530,
        15530,
        15530,
        15530,
        15530,
        15530,
        15530,
        15530,
        15530,
        15530,
        15530,
        15530,
        15530,
        15530,
        15530,
        15530,
        15530,
        15530,
        15530,
        15530,
        15530,
        15530,
        15530,
        15530,
        15530,
        15530,
        15530,
        15530,
        15530,
        15530,
        15530,
        15530,
        15530,
        15530,
        15530,
        15530,
        15530,
        15530,
        15530,
        15530,
        15530,
        15530,
        15530,
        15530,
        15530,
        15530,
        15530,
        15530,
        15530,
        15530,
        15530,
        15530,
        15530,
        15530,
        15530,
        15530,
        15530,
        15530,
        15530,
        15530,
        15530,
        15530,
        15530,
        15530,
        15530,
        15530,
        15530,
        15530,
        15530,
        15530,
        15530,
        15530,
        15530,
        15530,
        15530,
        15530,
        15530,
        15530,
        0,
        0,
        0,
        0,
        0,
        0,
        0,
        0,
        0,
        0,
        0,
        0,
        0,
        0,
        0,
        0,
        0,
        0,
        0,
        0,
        0,
        0,
        0,
        0,
        0,
        0,
        0,
        0,
        0,
        0,
        0,
        0,
        0,
        0,
        0,
        0,
        0,
        0,
        0,
        0,
        0,
        0,
        0,
        0,
        0,
        0,
        0,
        0,
        0,
        0,
        0,
        0,
        0,
        0,
        0,
        0,
        0,
        0,
        0,
        0
    ]
}