{
    "mean_exact_match": 0.5523465871810913,
    "mean_bleu_score": 0.0,
    "mean_rougeL_score": 0.5541516245487365,
    "mean_rouge4_score": 0.0,
    "mean_wer_score": 0.44765342960288806,
    "mean_cer_score": 0.47081306462821404,
    "total_validation_time": 97.84245157241821,
    "token_use_counts": [
        554,
        554,
        554,
        554,
        554,
        554,
        554,
        554,
        554,
        554,
        554,
        554,
        554,
        554,
        554,
        554,
        554,
        554,
        554,
        554,
        554,
        554,
        554,
        554,
        554,
        554,
        554,
        554,
        554,
        554,
        554,
        554,
        554,
        554,
        554,
        554,
        554,
        554,
        554,
        554,
        554,
        554,
        554,
        554,
        554,
        554,
        554,
        554,
        554,
        554,
        554,
        554,
        554,
        554,
        554,
        554,
        554,
        554,
        554,
        554,
        554,
        554,
        554,
        554,
        554,
        554,
        554,
        554,
        554,
        554,
        554,
        554,
        554,
        554,
        554,
        554,
        554,
        554,
        554,
        554,
        554,
        554,
        554,
        554,
        554,
        554,
        554,
        554,
        554,
        554,
        554,
        554,
        554,
        554,
        554,
        554,
        554,
        554,
        554,
        554,
        0,
        0,
        0,
        0,
        0,
        0,
        0,
        0,
        0,
        0,
        0,
        0,
        0,
        0,
        0,
        0,
        0,
        0,
        0,
        0,
        0,
        0,
        0,
        0,
        0,
        0,
        0,
        0,
        0,
        0,
        0,
        0,
        0,
        0,
        0,
        0,
        0,
        0,
        0,
        0,
        0,
        0,
        0,
        0,
        0,
        0,
        0,
        0,
        0,
        0,
        0,
        0,
        0,
        0,
        0,
        0,
        0,
        0,
        0,
        0
    ]
}