{
    "mean_exact_match": 0.06946565210819244,
    "mean_bleu_score": 0.2846927192610422,
    "mean_rougeL_score": 0.4998194161168682,
    "mean_rouge4_score": 0.23861524614141935,
    "mean_wer_score": 0.9210487444608567,
    "mean_cer_score": 0.7452659839348734,
    "total_validation_time": 1540.5569233894348,
    "token_use_counts": [
        2620,
        2620,
        2620,
        2620,
        2620,
        2620,
        2620,
        2620,
        2620,
        2620,
        2620,
        2620,
        2620,
        2620,
        2620,
        2620,
        2620,
        2620,
        2620,
        2620,
        2620,
        2620,
        2620,
        2620,
        2620,
        2620,
        2620,
        2620,
        2620,
        2620,
        2620,
        2620,
        2620,
        2620,
        2620,
        2620,
        2620,
        2620,
        2620,
        2620,
        2620,
        2620,
        2620,
        2620,
        2620,
        2620,
        2620,
        2620,
        2620,
        2620,
        2620,
        2620,
        2620,
        2620,
        2620,
        2620,
        2620,
        2620,
        2620,
        2620,
        2620,
        2620,
        2620,
        2620,
        2620,
        2620,
        2620,
        2620,
        2620,
        2620,
        2620,
        2620,
        2620,
        2620,
        2620,
        2620,
        2620,
        2620,
        2620,
        2620,
        2620,
        2620,
        2620,
        2620,
        2620,
        2620,
        2620,
        2620,
        2620,
        2620,
        2620,
        2620,
        2620,
        2620,
        2620,
        2620,
        2620,
        2620,
        2620,
        2620,
        0,
        0,
        0,
        0,
        0,
        0,
        0,
        0,
        0,
        0,
        0,
        0,
        0,
        0,
        0,
        0,
        0,
        0,
        0,
        0,
        0,
        0,
        0,
        0,
        0,
        0,
        0,
        0,
        0,
        0,
        0,
        0,
        0,
        0,
        0,
        0,
        0,
        0,
        0,
        0,
        0,
        0,
        0,
        0,
        0,
        0,
        0,
        0,
        0,
        0,
        0,
        0,
        0,
        0,
        0,
        0,
        0,
        0,
        0,
        0
    ]
}