{
    "mean_exact_match": 0.5770992636680603,
    "mean_bleu_score": 0.9228316644368254,
    "mean_rougeL_score": 0.9579000055436622,
    "mean_rouge4_score": 0.8637577366167121,
    "mean_wer_score": 0.04133064516129032,
    "mean_cer_score": 0.019374630764522074,
    "total_validation_time": 1485.549346446991,
    "token_use_counts": [
        2620,
        2620,
        2620,
        2620,
        2620,
        2620,
        2620,
        2620,
        2620,
        2620,
        2620,
        2620,
        2620,
        2620,
        2620,
        2620,
        2620,
        2620,
        2620,
        2620,
        2620,
        2620,
        2620,
        2620,
        2620,
        2620,
        2620,
        2620,
        2620,
        2620,
        2620,
        2620,
        2620,
        2620,
        2620,
        2620,
        2620,
        2620,
        2620,
        2620,
        2620,
        2620,
        2620,
        2620,
        2620,
        2620,
        2620,
        2620,
        2620,
        2620,
        2620,
        2620,
        2620,
        2620,
        2620,
        2620,
        2620,
        2620,
        2620,
        2620,
        2620,
        2620,
        2620,
        2620,
        2620,
        2620,
        2620,
        2620,
        2620,
        2620,
        2620,
        2620,
        2620,
        2620,
        2620,
        2620,
        2620,
        2620,
        2620,
        2620,
        2620,
        2620,
        2620,
        2620,
        2620,
        2620,
        2620,
        2620,
        2620,
        2620,
        2620,
        2620,
        2620,
        2620,
        2620,
        2620,
        2620,
        2620,
        2620,
        2620,
        0,
        0,
        0,
        0,
        0,
        0,
        0,
        0,
        0,
        0,
        0,
        0,
        0,
        0,
        0,
        0,
        0,
        0,
        0,
        0,
        0,
        0,
        0,
        0,
        0,
        0,
        0,
        0,
        0,
        0,
        0,
        0,
        0,
        0,
        0,
        0,
        0,
        0,
        0,
        0,
        0,
        0,
        0,
        0,
        0,
        0,
        0,
        0,
        0,
        0,
        0,
        0,
        0,
        0,
        0,
        0,
        0,
        0,
        0,
        0
    ]
}