{
    "mean_exact_match": 0.9054532051086426,
    "mean_bleu_score": 0.0,
    "mean_rougeL_score": 0.9058217557576951,
    "mean_rouge4_score": 0.0,
    "mean_wer_score": 0.8025843503230438,
    "mean_cer_score": 1.7662724410788735,
    "total_validation_time": 38143.33913588524,
    "token_use_counts": [
        37611,
        37611,
        37611,
        37611,
        37611,
        37611,
        37611,
        37611,
        37611,
        37611,
        37611,
        37611,
        37611,
        37611,
        37611,
        37611,
        37611,
        37611,
        37611,
        37611,
        37611,
        37611,
        37611,
        37611,
        37611,
        37611,
        37611,
        37611,
        37611,
        37611,
        37611,
        37611,
        37611,
        37611,
        37611,
        37611,
        37611,
        37611,
        37611,
        37611,
        37611,
        37611,
        37611,
        37611,
        37611,
        37611,
        37611,
        37611,
        37611,
        37611,
        37611,
        37611,
        37611,
        37611,
        37611,
        37611,
        37611,
        37611,
        37611,
        37611,
        37611,
        37611,
        37611,
        37611,
        37611,
        37611,
        37611,
        37611,
        37611,
        37611,
        37611,
        37611,
        37611,
        37611,
        37611,
        37611,
        37611,
        37611,
        37611,
        37611,
        37611,
        37611,
        37611,
        37611,
        37611,
        37611,
        37611,
        37611,
        37611,
        37611,
        37611,
        37611,
        37611,
        37611,
        37611,
        37611,
        37611,
        37611,
        37611,
        37611,
        0,
        0,
        0,
        0,
        0,
        0,
        0,
        0,
        0,
        0,
        0,
        0,
        0,
        0,
        0,
        0,
        0,
        0,
        0,
        0,
        0,
        0,
        0,
        0,
        0,
        0,
        0,
        0,
        0,
        0,
        0,
        0,
        0,
        0,
        0,
        0,
        0,
        0,
        0,
        0,
        0,
        0,
        0,
        0,
        0,
        0,
        0,
        0,
        0,
        0,
        0,
        0,
        0,
        0,
        0,
        0,
        0,
        0,
        0,
        0
    ]
}