{
    "mean_exact_match": 0.0,
    "mean_bleu_score": 0.08126195042883179,
    "mean_rougeL_score": 0.3127732521239315,
    "mean_rouge4_score": 0.006283556303805413,
    "mean_wer_score": 1.0256474310933466,
    "mean_cer_score": 0.8076022113252335,
    "total_validation_time": 526.7187340259552,
    "token_use_counts": [
        1045,
        1045,
        0,
        1045,
        0,
        0,
        1045,
        0,
        0,
        1045,
        1045,
        0,
        0,
        0,
        0,
        0,
        0,
        0,
        0,
        0,
        1045,
        0,
        1045,
        0,
        1045,
        0,
        0,
        0,
        1045,
        1045,
        0,
        0,
        0,
        0,
        1045,
        0,
        1045,
        1045,
        0,
        0,
        1045,
        0,
        0,
        0,
        1045,
        0,
        0,
        0,
        1045,
        1045,
        0,
        1045,
        0,
        1045,
        0,
        0,
        1045,
        0,
        1045,
        0,
        0,
        0,
        0,
        1045,
        0,
        0,
        1045,
        0,
        1045,
        1045,
        0,
        1045,
        1045,
        1045,
        0,
        0,
        0,
        0,
        0,
        1045,
        0,
        1045,
        0,
        1045,
        1045,
        0,
        0,
        0,
        0,
        0,
        1045,
        0,
        1045,
        0,
        1045,
        1045,
        0,
        0,
        1045,
        0,
        1045,
        0,
        0,
        1045,
        1045,
        0,
        0,
        1045,
        1045,
        0,
        0,
        0,
        1045,
        1045,
        1045,
        1045,
        1045,
        1045,
        0,
        0,
        0,
        0,
        1045,
        1045,
        0,
        1045,
        0,
        1045,
        0,
        0,
        0,
        0,
        1045,
        1045,
        0,
        0,
        0,
        0,
        1045,
        0,
        1045,
        1045,
        0,
        1045,
        1045,
        1045,
        1045,
        0,
        0,
        1045,
        0,
        1045,
        0,
        0,
        0,
        0,
        0,
        1045,
        1045,
        1045,
        1045,
        0,
        1045,
        1045,
        0,
        1045,
        0,
        1045,
        0,
        1045,
        1045,
        0,
        1045,
        1045,
        1045,
        1045,
        0,
        1045,
        0,
        1045,
        1045,
        0,
        1045,
        0,
        0,
        1045,
        0,
        1045,
        0,
        1045,
        1045,
        0,
        1045,
        0,
        1045,
        0,
        1045,
        1045,
        0,
        0,
        0,
        0,
        1045,
        1045,
        0,
        1045,
        0,
        1045,
        1045,
        0,
        1045,
        0,
        0,
        0,
        0,
        0,
        1045,
        0,
        0,
        0,
        0,
        0,
        0,
        0,
        1045,
        0,
        0,
        0,
        0,
        0,
        1045,
        0,
        1045,
        1045,
        1045,
        0,
        1045,
        0,
        1045,
        0,
        0,
        1045,
        1045,
        0,
        0,
        0,
        0,
        0,
        0,
        1045,
        0,
        1045,
        0,
        0,
        1045,
        1045,
        0,
        0,
        0,
        1045,
        0,
        1045,
        1045,
        0,
        0,
        0,
        1045,
        1045,
        0,
        0,
        0,
        0,
        1045,
        0,
        0,
        1045,
        0,
        1045,
        1045,
        0,
        1045,
        0,
        1045,
        0,
        0,
        0,
        1045,
        1045,
        0,
        0,
        0,
        1045,
        0,
        1045,
        0,
        1045,
        0,
        0,
        0,
        0,
        0,
        0,
        1045,
        0,
        1045,
        0,
        0,
        0,
        0,
        0,
        1045,
        1045,
        0,
        1045,
        1045,
        1045,
        0,
        0,
        1045,
        1045,
        0,
        0,
        0,
        1045,
        0,
        0,
        1045,
        1045,
        0,
        0,
        1045,
        0,
        0,
        1045,
        1045,
        0,
        1045,
        0,
        1045,
        0,
        1045,
        0,
        0,
        0,
        0,
        0,
        0,
        1045,
        0,
        0,
        1045,
        0,
        0,
        0,
        0,
        0,
        0,
        1045,
        0,
        0,
        0,
        1045,
        0,
        0,
        1045,
        0,
        0,
        1045,
        0,
        0,
        0,
        0,
        0,
        1045,
        0,
        1045,
        0,
        0,
        0,
        0,
        0,
        0,
        1045,
        1045,
        1045,
        0,
        1045,
        0,
        0,
        0,
        1045,
        1045,
        0,
        0,
        0,
        0,
        1045,
        0,
        0,
        1045
    ]
}