{
    "mean_exact_match": 0.046039924025535583,
    "mean_bleu_score": 0.04768837600517261,
    "mean_rougeL_score": 0.03360871653209067,
    "mean_rouge4_score": 0.0012021279857725446,
    "mean_wer_score": 0.9948909931733099,
    "mean_cer_score": 0.6248722960960816,
    "total_validation_time": 6565.62183713913,
    "token_use_counts": [
        15530,
        15530,
        0,
        15530,
        0,
        0,
        15530,
        0,
        0,
        15530,
        15530,
        0,
        0,
        0,
        0,
        0,
        15530,
        0,
        0,
        0,
        15530,
        0,
        15530,
        0,
        15530,
        15530,
        0,
        0,
        15530,
        15530,
        0,
        0,
        0,
        0,
        15530,
        0,
        15530,
        0,
        0,
        0,
        15530,
        0,
        0,
        0,
        15530,
        0,
        0,
        0,
        15530,
        15530,
        0,
        15530,
        0,
        15530,
        0,
        0,
        15530,
        0,
        15530,
        0,
        15530,
        0,
        0,
        15530,
        0,
        0,
        15530,
        0,
        15530,
        15530,
        0,
        15530,
        15530,
        15530,
        0,
        0,
        0,
        0,
        0,
        15530,
        0,
        15530,
        0,
        15530,
        15530,
        0,
        0,
        0,
        15530,
        0,
        15530,
        0,
        15530,
        0,
        15530,
        15530,
        0,
        0,
        15530,
        0,
        15530,
        0,
        0,
        15530,
        15530,
        0,
        0,
        15530,
        15530,
        0,
        0,
        0,
        15530,
        15530,
        15530,
        15530,
        15530,
        15530,
        0,
        0,
        0,
        0,
        15530,
        15530,
        0,
        15530,
        0,
        15530,
        0,
        0,
        0,
        0,
        15530,
        15530,
        0,
        15530,
        0,
        0,
        15530,
        0,
        15530,
        15530,
        0,
        15530,
        15530,
        15530,
        15530,
        0,
        0,
        15530,
        0,
        15530,
        0,
        0,
        0,
        0,
        15530,
        15530,
        0,
        0,
        15530,
        0,
        15530,
        15530,
        0,
        15530,
        0,
        15530,
        0,
        15530,
        15530,
        15530,
        15530,
        15530,
        15530,
        15530,
        0,
        15530,
        0,
        0,
        15530,
        0,
        0,
        0,
        0,
        15530,
        0,
        15530,
        0,
        15530,
        15530,
        0,
        15530,
        0,
        15530,
        0,
        15530,
        15530,
        15530,
        0,
        0,
        0,
        15530,
        15530,
        0,
        15530,
        15530,
        0,
        15530,
        0,
        15530,
        0,
        0,
        0,
        0,
        0,
        15530,
        0,
        0,
        0,
        0,
        0,
        0,
        0,
        15530,
        0,
        0,
        0,
        0,
        0,
        15530,
        0,
        0,
        15530,
        15530,
        0,
        15530,
        0,
        0,
        15530,
        0,
        15530,
        15530,
        0,
        0,
        0,
        0,
        0,
        0,
        15530,
        0,
        15530,
        0,
        0,
        15530,
        15530,
        0,
        0,
        0,
        15530,
        0,
        15530,
        15530,
        0,
        0,
        0,
        15530,
        15530,
        0,
        0,
        0,
        15530,
        15530,
        0,
        0,
        15530,
        0,
        15530,
        15530,
        15530,
        15530,
        0,
        15530,
        0,
        0,
        0,
        15530,
        0,
        0,
        0,
        0,
        15530,
        0,
        15530,
        0,
        15530,
        0,
        0,
        0,
        0,
        0,
        0,
        15530,
        0,
        15530,
        0,
        0,
        0,
        0,
        0,
        15530,
        0,
        0,
        0,
        0,
        0,
        0,
        0,
        15530,
        15530,
        0,
        0,
        0,
        0,
        0,
        0,
        15530,
        15530,
        0,
        0,
        15530,
        0,
        0,
        15530,
        15530,
        0,
        15530,
        0,
        15530,
        0,
        15530,
        15530,
        0,
        0,
        0,
        15530,
        0,
        15530,
        0,
        0,
        15530,
        0,
        0,
        0,
        0,
        0,
        0,
        15530,
        0,
        0,
        15530,
        15530,
        0,
        0,
        15530,
        0,
        0,
        15530,
        0,
        0,
        0,
        0,
        0,
        15530,
        0,
        15530,
        0,
        0,
        0,
        0,
        0,
        0,
        15530,
        0,
        15530,
        0,
        15530,
        0,
        0,
        0,
        15530,
        15530,
        0,
        0,
        0,
        0,
        15530,
        0,
        0,
        15530
    ]
}