{
    "mean_exact_match": 0.7978339195251465,
    "mean_bleu_score": 0.0,
    "mean_rougeL_score": 0.7987364620938628,
    "mean_rouge4_score": 0.0,
    "mean_wer_score": 0.20216606498194944,
    "mean_cer_score": 0.21403752605976373,
    "total_validation_time": 119.40407514572144,
    "token_use_counts": [
        554,
        554,
        0,
        554,
        0,
        0,
        554,
        0,
        0,
        554,
        554,
        0,
        0,
        0,
        0,
        0,
        554,
        0,
        0,
        0,
        554,
        0,
        554,
        0,
        554,
        554,
        0,
        0,
        554,
        554,
        0,
        0,
        0,
        0,
        554,
        0,
        554,
        0,
        0,
        0,
        554,
        0,
        0,
        0,
        554,
        0,
        0,
        0,
        554,
        554,
        0,
        554,
        0,
        554,
        0,
        0,
        554,
        0,
        554,
        0,
        554,
        0,
        0,
        554,
        0,
        0,
        554,
        0,
        554,
        0,
        0,
        554,
        554,
        554,
        0,
        0,
        0,
        0,
        0,
        554,
        0,
        554,
        0,
        554,
        554,
        0,
        0,
        0,
        0,
        0,
        554,
        0,
        554,
        0,
        554,
        554,
        0,
        0,
        554,
        0,
        554,
        0,
        0,
        554,
        554,
        0,
        0,
        554,
        554,
        0,
        0,
        0,
        554,
        554,
        554,
        554,
        554,
        554,
        0,
        0,
        0,
        0,
        554,
        554,
        0,
        554,
        0,
        554,
        0,
        0,
        0,
        0,
        554,
        554,
        0,
        554,
        0,
        0,
        554,
        0,
        554,
        554,
        0,
        554,
        554,
        554,
        554,
        0,
        0,
        554,
        0,
        554,
        0,
        0,
        0,
        0,
        554,
        0,
        0,
        0,
        554,
        0,
        554,
        554,
        0,
        554,
        0,
        554,
        0,
        554,
        554,
        554,
        554,
        554,
        554,
        554,
        0,
        554,
        0,
        0,
        0,
        0,
        0,
        0,
        0,
        554,
        0,
        554,
        0,
        554,
        554,
        0,
        554,
        0,
        554,
        0,
        554,
        554,
        554,
        0,
        0,
        0,
        554,
        554,
        0,
        554,
        554,
        0,
        554,
        0,
        554,
        0,
        0,
        0,
        0,
        0,
        554,
        0,
        0,
        0,
        0,
        0,
        0,
        0,
        554,
        0,
        0,
        0,
        0,
        0,
        554,
        0,
        0,
        554,
        554,
        0,
        554,
        0,
        0,
        554,
        0,
        554,
        554,
        0,
        0,
        0,
        0,
        0,
        0,
        554,
        0,
        554,
        0,
        0,
        554,
        554,
        0,
        0,
        0,
        554,
        0,
        554,
        554,
        0,
        0,
        0,
        0,
        554,
        0,
        0,
        0,
        554,
        554,
        0,
        0,
        554,
        0,
        554,
        554,
        554,
        554,
        0,
        554,
        0,
        0,
        0,
        554,
        0,
        0,
        0,
        0,
        554,
        0,
        554,
        0,
        554,
        0,
        0,
        0,
        0,
        0,
        0,
        554,
        0,
        554,
        554,
        0,
        0,
        0,
        0,
        554,
        0,
        0,
        554,
        554,
        0,
        0,
        0,
        554,
        554,
        0,
        0,
        0,
        0,
        0,
        0,
        554,
        554,
        0,
        0,
        554,
        0,
        0,
        554,
        554,
        0,
        554,
        0,
        554,
        0,
        554,
        554,
        0,
        0,
        0,
        554,
        0,
        554,
        0,
        554,
        554,
        0,
        0,
        0,
        0,
        0,
        0,
        554,
        0,
        0,
        554,
        554,
        0,
        0,
        554,
        0,
        0,
        554,
        0,
        0,
        0,
        0,
        554,
        554,
        0,
        554,
        0,
        0,
        0,
        0,
        0,
        0,
        554,
        0,
        554,
        0,
        554,
        0,
        0,
        0,
        554,
        554,
        0,
        0,
        0,
        0,
        554,
        0,
        0,
        554
    ]
}