{
    "mean_exact_match": 0.04656488448381424,
    "mean_bleu_score": 0.27079980004177095,
    "mean_rougeL_score": 0.4673782324077257,
    "mean_rouge4_score": 0.20309567347641563,
    "mean_wer_score": 0.8813638601674052,
    "mean_cer_score": 0.7101998397817568,
    "total_validation_time": 1523.4066359996796,
    "token_use_counts": [
        2620,
        2620,
        0,
        2620,
        0,
        0,
        2620,
        0,
        0,
        2620,
        2620,
        0,
        0,
        0,
        0,
        0,
        0,
        0,
        0,
        0,
        2620,
        0,
        2620,
        0,
        2620,
        2620,
        0,
        0,
        2620,
        2620,
        0,
        0,
        0,
        0,
        2620,
        0,
        2620,
        0,
        0,
        0,
        2620,
        0,
        0,
        0,
        2620,
        0,
        0,
        0,
        2620,
        2620,
        0,
        2620,
        0,
        2620,
        0,
        0,
        2620,
        0,
        2620,
        0,
        2620,
        0,
        0,
        2620,
        0,
        0,
        2620,
        0,
        2620,
        2620,
        0,
        2620,
        2620,
        2620,
        0,
        0,
        0,
        0,
        0,
        2620,
        0,
        2620,
        0,
        2620,
        2620,
        0,
        0,
        0,
        0,
        0,
        2620,
        0,
        2620,
        0,
        2620,
        2620,
        0,
        0,
        2620,
        0,
        2620,
        0,
        0,
        2620,
        2620,
        0,
        0,
        2620,
        2620,
        0,
        0,
        0,
        2620,
        2620,
        2620,
        2620,
        2620,
        2620,
        0,
        0,
        0,
        0,
        2620,
        2620,
        0,
        2620,
        0,
        2620,
        0,
        0,
        0,
        0,
        2620,
        2620,
        0,
        2620,
        0,
        0,
        2620,
        0,
        2620,
        2620,
        0,
        2620,
        2620,
        2620,
        2620,
        0,
        0,
        2620,
        0,
        2620,
        0,
        0,
        0,
        0,
        2620,
        2620,
        0,
        0,
        2620,
        0,
        2620,
        2620,
        0,
        2620,
        0,
        2620,
        0,
        0,
        2620,
        2620,
        2620,
        2620,
        2620,
        2620,
        0,
        2620,
        0,
        2620,
        0,
        0,
        0,
        0,
        0,
        2620,
        0,
        2620,
        0,
        2620,
        2620,
        0,
        2620,
        0,
        2620,
        0,
        2620,
        2620,
        2620,
        0,
        0,
        0,
        2620,
        2620,
        0,
        2620,
        2620,
        0,
        2620,
        0,
        2620,
        0,
        0,
        0,
        0,
        0,
        2620,
        0,
        0,
        0,
        0,
        0,
        0,
        0,
        2620,
        0,
        0,
        0,
        0,
        0,
        2620,
        0,
        2620,
        2620,
        2620,
        0,
        2620,
        0,
        0,
        2620,
        0,
        2620,
        2620,
        0,
        0,
        0,
        0,
        0,
        0,
        2620,
        0,
        2620,
        0,
        0,
        2620,
        2620,
        0,
        0,
        0,
        2620,
        0,
        2620,
        2620,
        0,
        0,
        0,
        2620,
        2620,
        0,
        0,
        0,
        2620,
        2620,
        0,
        0,
        2620,
        0,
        2620,
        2620,
        2620,
        2620,
        0,
        2620,
        0,
        0,
        0,
        2620,
        0,
        0,
        0,
        0,
        2620,
        0,
        2620,
        0,
        2620,
        0,
        0,
        0,
        0,
        0,
        0,
        2620,
        0,
        2620,
        0,
        0,
        0,
        0,
        0,
        2620,
        0,
        0,
        2620,
        2620,
        0,
        0,
        0,
        2620,
        2620,
        0,
        0,
        0,
        2620,
        0,
        0,
        2620,
        2620,
        0,
        0,
        2620,
        0,
        0,
        2620,
        2620,
        0,
        2620,
        0,
        2620,
        0,
        2620,
        2620,
        0,
        0,
        0,
        2620,
        0,
        2620,
        0,
        0,
        2620,
        0,
        0,
        0,
        0,
        2620,
        0,
        2620,
        0,
        0,
        0,
        2620,
        0,
        0,
        0,
        0,
        0,
        2620,
        0,
        0,
        0,
        0,
        0,
        2620,
        0,
        2620,
        0,
        0,
        0,
        0,
        0,
        0,
        2620,
        0,
        2620,
        0,
        2620,
        0,
        0,
        0,
        2620,
        2620,
        0,
        0,
        0,
        0,
        2620,
        0,
        0,
        2620
    ]
}