{
    "mean_exact_match": 0.9444577097892761,
    "mean_bleu_score": 0.0,
    "mean_rougeL_score": 0.9444843263938741,
    "mean_rouge4_score": 0.0,
    "mean_wer_score": 0.05554226157241233,
    "mean_cer_score": 0.06665319492895432,
    "total_validation_time": 7724.077836513519,
    "token_use_counts": [
        37611,
        37611,
        0,
        37611,
        0,
        0,
        37611,
        0,
        0,
        37611,
        0,
        0,
        0,
        0,
        0,
        0,
        0,
        0,
        0,
        0,
        37611,
        0,
        37611,
        0,
        37611,
        37611,
        0,
        0,
        37611,
        37611,
        0,
        0,
        0,
        0,
        37611,
        0,
        37611,
        37611,
        0,
        0,
        37611,
        0,
        0,
        0,
        37611,
        0,
        0,
        0,
        37611,
        37611,
        0,
        0,
        0,
        37611,
        0,
        0,
        37611,
        0,
        37611,
        0,
        37611,
        0,
        0,
        0,
        0,
        0,
        37611,
        0,
        37611,
        37611,
        0,
        37611,
        37611,
        37611,
        0,
        0,
        37611,
        0,
        0,
        37611,
        0,
        37611,
        0,
        0,
        37611,
        0,
        0,
        0,
        0,
        0,
        0,
        0,
        37611,
        0,
        37611,
        37611,
        0,
        0,
        37611,
        0,
        37611,
        37611,
        0,
        37611,
        37611,
        0,
        0,
        37611,
        37611,
        0,
        37611,
        0,
        37611,
        37611,
        37611,
        37611,
        37611,
        37611,
        0,
        0,
        0,
        0,
        37611,
        0,
        0,
        37611,
        0,
        37611,
        0,
        0,
        0,
        0,
        37611,
        37611,
        0,
        37611,
        0,
        0,
        37611,
        0,
        37611,
        37611,
        0,
        37611,
        37611,
        37611,
        37611,
        0,
        0,
        37611,
        0,
        37611,
        0,
        0,
        0,
        0,
        0,
        37611,
        0,
        0,
        37611,
        0,
        37611,
        37611,
        0,
        37611,
        0,
        37611,
        0,
        0,
        37611,
        0,
        37611,
        37611,
        37611,
        37611,
        0,
        37611,
        0,
        37611,
        0,
        0,
        37611,
        0,
        0,
        37611,
        0,
        37611,
        0,
        37611,
        37611,
        0,
        37611,
        0,
        37611,
        0,
        37611,
        37611,
        37611,
        0,
        0,
        0,
        37611,
        37611,
        0,
        37611,
        0,
        0,
        37611,
        0,
        37611,
        0,
        0,
        0,
        0,
        0,
        37611,
        0,
        0,
        0,
        0,
        0,
        0,
        37611,
        37611,
        0,
        0,
        0,
        0,
        0,
        37611,
        0,
        37611,
        37611,
        37611,
        0,
        37611,
        0,
        37611,
        37611,
        0,
        37611,
        37611,
        0,
        0,
        0,
        37611,
        0,
        0,
        37611,
        0,
        37611,
        0,
        0,
        37611,
        37611,
        0,
        0,
        0,
        37611,
        0,
        37611,
        37611,
        0,
        0,
        0,
        37611,
        37611,
        0,
        0,
        0,
        0,
        37611,
        0,
        0,
        37611,
        0,
        37611,
        37611,
        37611,
        37611,
        0,
        37611,
        0,
        37611,
        0,
        37611,
        0,
        0,
        0,
        0,
        37611,
        0,
        37611,
        0,
        37611,
        0,
        0,
        0,
        0,
        0,
        0,
        37611,
        0,
        37611,
        0,
        0,
        0,
        0,
        0,
        37611,
        0,
        0,
        37611,
        37611,
        0,
        0,
        0,
        37611,
        37611,
        0,
        0,
        0,
        37611,
        0,
        0,
        37611,
        37611,
        0,
        0,
        37611,
        0,
        0,
        37611,
        37611,
        0,
        37611,
        0,
        37611,
        0,
        37611,
        37611,
        0,
        37611,
        37611,
        37611,
        0,
        37611,
        0,
        0,
        37611,
        0,
        0,
        0,
        0,
        0,
        0,
        37611,
        0,
        0,
        0,
        37611,
        0,
        0,
        37611,
        0,
        0,
        37611,
        0,
        0,
        0,
        0,
        0,
        37611,
        0,
        37611,
        0,
        0,
        0,
        0,
        0,
        0,
        37611,
        37611,
        37611,
        0,
        37611,
        0,
        0,
        0,
        37611,
        0,
        0,
        0,
        0,
        0,
        37611,
        0,
        0,
        0
    ]
}