{
    "mean_exact_match": 0.0,
    "mean_bleu_score": 0.13201787035366028,
    "mean_rougeL_score": 0.3587084437708741,
    "mean_rouge4_score": 0.011712844222240022,
    "mean_wer_score": 0.9851777833291698,
    "mean_cer_score": 0.7817409501202486,
    "total_validation_time": 556.0380351543427,
    "token_use_counts": [
        0,
        0,
        0,
        0,
        0,
        0,
        0,
        0,
        0,
        0,
        0,
        0,
        0,
        0,
        0,
        0,
        0,
        0,
        0,
        0
    ]
}