{
    "mean_exact_match": 0.02369607239961624,
    "mean_bleu_score": 0.01680499133157692,
    "mean_rougeL_score": 0.02987701069699174,
    "mean_rouge4_score": 0.00032246854526313636,
    "mean_wer_score": 1.0588857079938339,
    "mean_cer_score": 0.8023626227767454,
    "total_validation_time": 7912.213670015335,
    "token_use_counts": [
        0,
        0,
        0,
        0,
        0,
        0,
        0,
        0,
        0,
        0,
        0,
        0,
        0,
        0,
        0,
        0,
        0,
        0,
        0,
        0
    ]
}