{
    "mean_exact_match": 0.031679388135671616,
    "mean_bleu_score": 0.25624734123914067,
    "mean_rougeL_score": 0.4461675490896988,
    "mean_rouge4_score": 0.18830632863253274,
    "mean_wer_score": 0.9229689807976367,
    "mean_cer_score": 0.7667698703098275,
    "total_validation_time": 1784.5548672676086,
    "token_use_counts": [
        0,
        0,
        0,
        0,
        0,
        0,
        0,
        0,
        0,
        0,
        0,
        0,
        0,
        0,
        0,
        0,
        0,
        0,
        0,
        0
    ]
}