{
    "mean_exact_match": 0.426335871219635,
    "mean_bleu_score": 0.8672242413789549,
    "mean_rougeL_score": 0.9334287999382034,
    "mean_rouge4_score": 0.8052886508539537,
    "mean_wer_score": 0.08397367620206939,
    "mean_cer_score": 0.05481055995672382,
    "total_validation_time": 1834.1655914783478,
    "token_use_counts": [
        0,
        0,
        0,
        0,
        0,
        0,
        0,
        0,
        0,
        0,
        0,
        0,
        0,
        0,
        0,
        0,
        0,
        0,
        0,
        0
    ]
}