{
    "mean_exact_match": 0.8914679288864136,
    "mean_bleu_score": 0.0,
    "mean_rougeL_score": 0.8914726770248773,
    "mean_rouge4_score": 0.0,
    "mean_wer_score": 0.19140676929621653,
    "mean_cer_score": 0.5249723474857483,
    "total_validation_time": 16624.212064027786,
    "token_use_counts": [
        0,
        0,
        0,
        0,
        0,
        0,
        0,
        0,
        0,
        0,
        0,
        0,
        0,
        0,
        0,
        0,
        0,
        0,
        0,
        0
    ]
}