{
    "mean_exact_match": 0.0,
    "mean_bleu_score": 0.13441999061239326,
    "mean_rougeL_score": 0.361293048303836,
    "mean_rouge4_score": 0.011170558896034707,
    "mean_wer_score": 0.9749354650678658,
    "mean_cer_score": 0.7665615141955836,
    "total_validation_time": 487.6167435646057,
    "token_use_counts": [
        1043,
        1045,
        7,
        1045,
        7,
        7,
        1045,
        1043,
        1045,
        1045,
        7,
        1043,
        1043,
        7,
        7,
        1043,
        1043,
        7,
        7,
        7,
        1045,
        7,
        1045,
        7,
        6,
        1042,
        6,
        1042,
        1045,
        6,
        6,
        6,
        6,
        6,
        1045,
        6,
        6,
        6,
        6,
        6,
        1042,
        1042,
        5,
        4,
        1042,
        4,
        4,
        4,
        1045,
        1045,
        4,
        1045,
        4,
        1042,
        3,
        3,
        3,
        1042,
        1045,
        1042,
        3,
        3,
        3,
        1045,
        3,
        1042,
        1045,
        1042,
        1045,
        1045,
        1042,
        1042,
        1045,
        1045,
        3,
        3,
        1042,
        3,
        1041,
        1045,
        1041,
        1045,
        3,
        2,
        1045,
        3,
        3,
        1041,
        2,
        2,
        2,
        1041,
        1045,
        1041,
        1045,
        1045,
        1041,
        1040,
        1045,
        2,
        1045,
        1045,
        1039,
        1045,
        2,
        0,
        1039,
        1045,
        1045,
        1039,
        0,
        0,
        1045,
        1045,
        1045,
        0,
        1045,
        1045,
        0,
        1039,
        0,
        1039,
        1045,
        1039,
        1039,
        0,
        1039,
        1039,
        0,
        1039,
        1039,
        0,
        1039,
        1045,
        1038,
        1038,
        0,
        0,
        1045,
        1038,
        1045,
        117,
        0,
        0,
        1045,
        1045,
        1045,
        1038,
        0,
        1045,
        1038,
        1045,
        0,
        0,
        1038,
        1038,
        0,
        0,
        0,
        1038,
        1045,
        0,
        0,
        1045,
        1038,
        0,
        1038,
        1045,
        921,
        0,
        1045,
        0,
        1045,
        1045,
        0,
        0,
        0,
        1045,
        0,
        1045,
        0,
        0,
        0,
        0,
        0,
        1045,
        0,
        1045,
        0,
        1045,
        0,
        0,
        0,
        0,
        1045,
        0,
        1045,
        1045,
        1045,
        0,
        0,
        0,
        1045,
        0,
        0,
        0,
        0,
        1045,
        0,
        0,
        1045,
        0,
        0,
        0,
        0,
        0,
        1045,
        0,
        0,
        0,
        0,
        0,
        1045,
        0,
        1045,
        0,
        0,
        0,
        0,
        0,
        1045,
        1045,
        1045,
        0,
        1045,
        0,
        0,
        0,
        0,
        0,
        0,
        1045,
        0,
        0,
        0,
        0,
        0,
        0,
        0,
        1045,
        0,
        1045,
        0,
        0,
        0,
        1045,
        0,
        0,
        0,
        0,
        0,
        1045,
        1045,
        0,
        0,
        0,
        1045,
        1045,
        0,
        0,
        0,
        0,
        0,
        0,
        0,
        1045,
        0,
        1045,
        0,
        1045,
        1045,
        0,
        0,
        0,
        0,
        0,
        0,
        0,
        0,
        0,
        0,
        1045,
        0,
        1045,
        0,
        1045,
        0,
        0,
        0,
        0,
        1045,
        0,
        0,
        0,
        1045,
        0,
        0,
        0,
        1045,
        0,
        0,
        1045,
        0,
        0,
        0,
        1045,
        0,
        0,
        1045,
        0,
        0,
        0,
        0,
        0,
        0,
        0,
        0,
        1045,
        0,
        0,
        1045,
        0,
        0,
        1045,
        1045,
        0,
        1045,
        0,
        1045,
        0,
        1045,
        0,
        0,
        1045,
        0,
        0,
        0,
        1045,
        0,
        0,
        1045,
        0,
        0,
        0,
        0,
        0,
        0,
        1045,
        0,
        0,
        0,
        1045,
        0,
        0,
        1045,
        0,
        0,
        0,
        0,
        0,
        0,
        0,
        1045,
        1045,
        0,
        1045,
        0,
        0,
        0,
        0,
        0,
        0,
        1045,
        0,
        0,
        0,
        1045,
        0,
        0,
        0,
        1045,
        0,
        0,
        0,
        0,
        0,
        1045,
        0,
        0,
        0
    ]
}