{
    "mean_exact_match": 0.03341918811202049,
    "mean_bleu_score": 0.029971125909931454,
    "mean_rougeL_score": 0.030534814719457362,
    "mean_rouge4_score": 0.0009508478214209058,
    "mean_wer_score": 1.020744329442854,
    "mean_cer_score": 0.6931446131074482,
    "total_validation_time": 6882.850146055222,
    "token_use_counts": [
        15529,
        15530,
        645,
        15530,
        515,
        436,
        15530,
        15529,
        15530,
        15530,
        339,
        15529,
        15529,
        332,
        193,
        15529,
        15529,
        171,
        120,
        85,
        15530,
        73,
        15530,
        46,
        40,
        15529,
        31,
        15529,
        15530,
        25,
        22,
        18,
        14,
        13,
        15530,
        10,
        7,
        7,
        7,
        7,
        15528,
        15529,
        5,
        5,
        15529,
        5,
        5,
        5,
        15530,
        15530,
        4,
        15530,
        4,
        15529,
        3,
        3,
        2,
        15529,
        15530,
        15529,
        2,
        2,
        2,
        15530,
        1,
        15528,
        15530,
        15528,
        15530,
        15530,
        15528,
        15527,
        15530,
        15530,
        1,
        1,
        15527,
        1,
        15526,
        15530,
        15526,
        15530,
        1,
        1,
        15530,
        1,
        1,
        15525,
        1,
        1,
        1,
        15525,
        15530,
        15525,
        15530,
        15530,
        15525,
        15525,
        15530,
        1,
        15530,
        15530,
        15523,
        15530,
        1,
        0,
        15523,
        15530,
        15530,
        15523,
        0,
        0,
        15530,
        15530,
        15530,
        0,
        15530,
        15530,
        0,
        15523,
        0,
        15520,
        15530,
        15517,
        15516,
        0,
        15512,
        15487,
        0,
        15508,
        15500,
        0,
        15493,
        15530,
        15488,
        15457,
        0,
        0,
        15530,
        15453,
        15530,
        6028,
        0,
        0,
        15530,
        15530,
        15530,
        15397,
        0,
        15530,
        15335,
        15530,
        0,
        0,
        15309,
        15195,
        0,
        0,
        0,
        15133,
        15530,
        0,
        0,
        15530,
        15073,
        0,
        14962,
        15530,
        9059,
        0,
        15530,
        0,
        15530,
        15530,
        0,
        0,
        0,
        15530,
        0,
        15530,
        0,
        0,
        0,
        0,
        0,
        15530,
        0,
        15530,
        0,
        15530,
        0,
        0,
        0,
        0,
        15530,
        0,
        15530,
        15530,
        15530,
        0,
        0,
        0,
        15530,
        0,
        0,
        0,
        0,
        15530,
        0,
        0,
        15530,
        0,
        0,
        0,
        0,
        0,
        15530,
        0,
        0,
        0,
        0,
        0,
        15530,
        0,
        15530,
        0,
        0,
        0,
        0,
        0,
        15530,
        15530,
        15530,
        0,
        15530,
        0,
        0,
        0,
        0,
        0,
        0,
        15530,
        0,
        0,
        0,
        0,
        0,
        0,
        0,
        15530,
        0,
        15530,
        0,
        0,
        0,
        15530,
        0,
        0,
        0,
        0,
        0,
        15530,
        15530,
        0,
        0,
        0,
        15530,
        15530,
        0,
        0,
        0,
        0,
        0,
        0,
        0,
        15530,
        0,
        15530,
        0,
        15530,
        15530,
        0,
        0,
        0,
        0,
        0,
        0,
        0,
        0,
        0,
        0,
        15530,
        0,
        15530,
        0,
        15530,
        0,
        0,
        0,
        0,
        15530,
        0,
        0,
        0,
        15530,
        0,
        0,
        0,
        15530,
        0,
        0,
        15530,
        0,
        0,
        0,
        15530,
        0,
        0,
        15530,
        0,
        0,
        0,
        0,
        0,
        0,
        0,
        0,
        15530,
        0,
        0,
        15530,
        0,
        0,
        15530,
        15530,
        0,
        15530,
        0,
        15530,
        0,
        15530,
        0,
        0,
        15530,
        0,
        0,
        0,
        15530,
        0,
        0,
        15530,
        0,
        0,
        0,
        0,
        0,
        0,
        15530,
        0,
        0,
        0,
        15530,
        0,
        0,
        15530,
        0,
        0,
        0,
        0,
        0,
        0,
        0,
        15530,
        15530,
        0,
        15530,
        0,
        0,
        0,
        0,
        0,
        0,
        15530,
        0,
        0,
        0,
        15530,
        0,
        0,
        0,
        15530,
        0,
        0,
        0,
        0,
        0,
        15530,
        0,
        0,
        0
    ]
}