{
    "mean_exact_match": 0.6119133830070496,
    "mean_bleu_score": 0.0,
    "mean_rougeL_score": 0.6137184115523465,
    "mean_rouge4_score": 0.0,
    "mean_wer_score": 0.388086642599278,
    "mean_cer_score": 0.4124391938846421,
    "total_validation_time": 110.76630926132202,
    "token_use_counts": [
        547,
        554,
        342,
        554,
        322,
        308,
        554,
        547,
        554,
        554,
        287,
        546,
        546,
        282,
        237,
        546,
        546,
        223,
        200,
        173,
        554,
        160,
        554,
        150,
        132,
        545,
        123,
        544,
        554,
        109,
        102,
        81,
        73,
        69,
        554,
        64,
        58,
        55,
        55,
        51,
        529,
        543,
        47,
        43,
        542,
        42,
        41,
        39,
        554,
        554,
        38,
        554,
        37,
        542,
        32,
        30,
        25,
        542,
        554,
        539,
        23,
        23,
        23,
        554,
        15,
        531,
        554,
        531,
        554,
        554,
        529,
        526,
        554,
        554,
        12,
        12,
        522,
        12,
        517,
        554,
        516,
        554,
        11,
        10,
        554,
        9,
        8,
        515,
        8,
        8,
        8,
        513,
        554,
        512,
        554,
        554,
        511,
        507,
        554,
        7,
        554,
        554,
        503,
        554,
        7,
        0,
        499,
        554,
        554,
        499,
        0,
        0,
        554,
        554,
        554,
        0,
        554,
        554,
        0,
        496,
        0,
        490,
        554,
        485,
        481,
        0,
        473,
        425,
        0,
        450,
        438,
        0,
        424,
        554,
        413,
        395,
        0,
        0,
        554,
        384,
        554,
        124,
        0,
        0,
        554,
        554,
        554,
        353,
        0,
        554,
        319,
        554,
        0,
        0,
        322,
        272,
        0,
        0,
        0,
        258,
        554,
        0,
        0,
        554,
        244,
        0,
        228,
        554,
        111,
        0,
        554,
        0,
        554,
        554,
        0,
        0,
        0,
        554,
        0,
        554,
        0,
        0,
        0,
        0,
        0,
        554,
        0,
        554,
        0,
        554,
        0,
        0,
        0,
        0,
        554,
        0,
        554,
        554,
        554,
        0,
        0,
        0,
        554,
        0,
        0,
        0,
        0,
        554,
        0,
        0,
        554,
        0,
        0,
        0,
        0,
        0,
        554,
        0,
        0,
        0,
        0,
        0,
        554,
        0,
        554,
        0,
        0,
        0,
        0,
        0,
        554,
        554,
        554,
        0,
        554,
        0,
        0,
        0,
        0,
        0,
        0,
        554,
        0,
        0,
        0,
        0,
        0,
        0,
        0,
        554,
        0,
        554,
        0,
        0,
        0,
        554,
        0,
        0,
        0,
        0,
        0,
        554,
        554,
        0,
        0,
        0,
        554,
        554,
        0,
        0,
        0,
        0,
        0,
        0,
        0,
        554,
        0,
        554,
        0,
        554,
        554,
        0,
        0,
        0,
        0,
        0,
        0,
        0,
        0,
        0,
        0,
        554,
        0,
        554,
        0,
        554,
        0,
        0,
        0,
        0,
        554,
        0,
        0,
        0,
        554,
        0,
        0,
        0,
        554,
        0,
        0,
        554,
        0,
        0,
        0,
        554,
        0,
        0,
        554,
        0,
        0,
        0,
        0,
        0,
        0,
        0,
        0,
        554,
        0,
        0,
        554,
        0,
        0,
        554,
        554,
        0,
        554,
        0,
        554,
        0,
        554,
        0,
        0,
        554,
        0,
        0,
        0,
        554,
        0,
        0,
        554,
        0,
        0,
        0,
        0,
        0,
        0,
        554,
        0,
        0,
        0,
        554,
        0,
        0,
        554,
        0,
        0,
        0,
        0,
        0,
        0,
        0,
        554,
        554,
        0,
        554,
        0,
        0,
        0,
        0,
        0,
        0,
        554,
        0,
        0,
        0,
        554,
        0,
        0,
        0,
        554,
        0,
        0,
        0,
        0,
        0,
        554,
        0,
        0,
        0
    ]
}