{
    "mean_exact_match": 0.06641221046447754,
    "mean_bleu_score": 0.2829858036402218,
    "mean_rougeL_score": 0.49704045578617073,
    "mean_rouge4_score": 0.2360038566457157,
    "mean_wer_score": 0.9232151649433776,
    "mean_cer_score": 0.7464567952021132,
    "total_validation_time": 1552.9255499839783,
    "token_use_counts": [
        1899,
        2620,
        2407,
        2620,
        2382,
        2349,
        2620,
        1896,
        2620,
        2620,
        2297,
        1874,
        1865,
        2291,
        2152,
        1852,
        1841,
        2126,
        2045,
        1964,
        2620,
        1903,
        2620,
        1823,
        1741,
        1822,
        1693,
        1811,
        2620,
        1604,
        1592,
        1510,
        1460,
        1426,
        2620,
        1393,
        1354,
        1319,
        1311,
        1280,
        1625,
        1790,
        1247,
        1228,
        1778,
        1215,
        1177,
        1163,
        2620,
        2620,
        1144,
        2620,
        1135,
        1751,
        1080,
        1050,
        1026,
        1730,
        2620,
        1712,
        1004,
        992,
        977,
        2620,
        908,
        1631,
        2620,
        1622,
        2620,
        2620,
        1596,
        1573,
        2620,
        2620,
        890,
        868,
        1544,
        843,
        1485,
        2620,
        1476,
        2620,
        830,
        809,
        2620,
        798,
        779,
        1457,
        768,
        755,
        746,
        1443,
        2620,
        1404,
        2620,
        2620,
        1393,
        1373,
        2620,
        727,
        2620,
        2620,
        1340,
        2620,
        718,
        0,
        1309,
        2620,
        2620,
        1301,
        0,
        0,
        2620,
        2620,
        2620,
        0,
        2620,
        2620,
        0,
        1266,
        0,
        1227,
        2620,
        1194,
        1160,
        0,
        1110,
        883,
        0,
        1029,
        980,
        0,
        896,
        2620,
        833,
        715,
        0,
        0,
        2620,
        683,
        2620,
        194,
        0,
        0,
        2620,
        2620,
        2620,
        556,
        0,
        2620,
        462,
        2620,
        0,
        0,
        465,
        329,
        0,
        0,
        0,
        292,
        2620,
        0,
        0,
        2620,
        269,
        0,
        235,
        2620,
        110,
        0,
        2620,
        0,
        2620,
        2620,
        0,
        0,
        0,
        2620,
        0,
        2620,
        0,
        0,
        0,
        0,
        0,
        2620,
        0,
        2620,
        0,
        2620,
        0,
        0,
        0,
        0,
        2620,
        0,
        2620,
        2620,
        2620,
        0,
        0,
        0,
        2620,
        0,
        0,
        0,
        0,
        2620,
        0,
        0,
        2620,
        0,
        0,
        0,
        0,
        0,
        2620,
        0,
        0,
        0,
        0,
        0,
        2620,
        0,
        2620,
        0,
        0,
        0,
        0,
        0,
        2620,
        2620,
        2620,
        0,
        2620,
        0,
        0,
        0,
        0,
        0,
        0,
        2620,
        0,
        0,
        0,
        0,
        0,
        0,
        0,
        2620,
        0,
        2620,
        0,
        0,
        0,
        2620,
        0,
        0,
        0,
        0,
        0,
        2620,
        2620,
        0,
        0,
        0,
        2620,
        2620,
        0,
        0,
        0,
        0,
        0,
        0,
        0,
        2620,
        0,
        2620,
        0,
        2620,
        2620,
        0,
        0,
        0,
        0,
        0,
        0,
        0,
        0,
        0,
        0,
        2620,
        0,
        2620,
        0,
        2620,
        0,
        0,
        0,
        0,
        2620,
        0,
        0,
        0,
        2620,
        0,
        0,
        0,
        2620,
        0,
        0,
        2620,
        0,
        0,
        0,
        2620,
        0,
        0,
        2620,
        0,
        0,
        0,
        0,
        0,
        0,
        0,
        0,
        2620,
        0,
        0,
        2620,
        0,
        0,
        2620,
        2620,
        0,
        2620,
        0,
        2620,
        0,
        2620,
        0,
        0,
        2620,
        0,
        0,
        0,
        2620,
        0,
        0,
        2620,
        0,
        0,
        0,
        0,
        0,
        0,
        2620,
        0,
        0,
        0,
        2620,
        0,
        0,
        2620,
        0,
        0,
        0,
        0,
        0,
        0,
        0,
        2620,
        2620,
        0,
        2620,
        0,
        0,
        0,
        0,
        0,
        0,
        2620,
        0,
        0,
        0,
        2620,
        0,
        0,
        0,
        2620,
        0,
        0,
        0,
        0,
        0,
        2620,
        0,
        0,
        0
    ]
}