{
    "mean_exact_match": 0.5641221404075623,
    "mean_bleu_score": 0.9094210830789893,
    "mean_rougeL_score": 0.9544362429590427,
    "mean_rouge4_score": 0.8578289204369488,
    "mean_wer_score": 0.056318472306755935,
    "mean_cer_score": 0.032692020243001434,
    "total_validation_time": 1632.746422290802,
    "token_use_counts": [
        1901,
        2620,
        2406,
        2620,
        2383,
        2348,
        2620,
        1896,
        2620,
        2620,
        2299,
        1875,
        1863,
        2292,
        2151,
        1852,
        1840,
        2127,
        2044,
        1967,
        2620,
        1900,
        2620,
        1820,
        1739,
        1821,
        1692,
        1812,
        2620,
        1605,
        1591,
        1511,
        1460,
        1420,
        2620,
        1396,
        1355,
        1322,
        1310,
        1283,
        1624,
        1790,
        1248,
        1230,
        1777,
        1216,
        1181,
        1166,
        2620,
        2620,
        1144,
        2620,
        1137,
        1751,
        1082,
        1050,
        1027,
        1728,
        2620,
        1715,
        1003,
        994,
        977,
        2620,
        905,
        1628,
        2620,
        1622,
        2620,
        2620,
        1598,
        1573,
        2620,
        2620,
        893,
        868,
        1542,
        843,
        1483,
        2620,
        1476,
        2620,
        830,
        808,
        2620,
        796,
        782,
        1454,
        769,
        757,
        745,
        1439,
        2620,
        1404,
        2620,
        2620,
        1390,
        1372,
        2620,
        728,
        2620,
        2620,
        1337,
        2620,
        715,
        0,
        1310,
        2620,
        2620,
        1298,
        0,
        0,
        2620,
        2620,
        2620,
        0,
        2620,
        2620,
        0,
        1265,
        0,
        1224,
        2620,
        1197,
        1163,
        0,
        1109,
        885,
        0,
        1030,
        975,
        0,
        899,
        2620,
        835,
        720,
        0,
        0,
        2620,
        681,
        2620,
        199,
        0,
        0,
        2620,
        2620,
        2620,
        557,
        0,
        2620,
        459,
        2620,
        0,
        0,
        468,
        328,
        0,
        0,
        0,
        295,
        2620,
        0,
        0,
        2620,
        263,
        0,
        233,
        2620,
        109,
        0,
        2620,
        0,
        2620,
        2620,
        0,
        0,
        0,
        2620,
        0,
        2620,
        0,
        0,
        0,
        0,
        0,
        2620,
        0,
        2620,
        0,
        2620,
        0,
        0,
        0,
        0,
        2620,
        0,
        2620,
        2620,
        2620,
        0,
        0,
        0,
        2620,
        0,
        0,
        0,
        0,
        2620,
        0,
        0,
        2620,
        0,
        0,
        0,
        0,
        0,
        2620,
        0,
        0,
        0,
        0,
        0,
        2620,
        0,
        2620,
        0,
        0,
        0,
        0,
        0,
        2620,
        2620,
        2620,
        0,
        2620,
        0,
        0,
        0,
        0,
        0,
        0,
        2620,
        0,
        0,
        0,
        0,
        0,
        0,
        0,
        2620,
        0,
        2620,
        0,
        0,
        0,
        2620,
        0,
        0,
        0,
        0,
        0,
        2620,
        2620,
        0,
        0,
        0,
        2620,
        2620,
        0,
        0,
        0,
        0,
        0,
        0,
        0,
        2620,
        0,
        2620,
        0,
        2620,
        2620,
        0,
        0,
        0,
        0,
        0,
        0,
        0,
        0,
        0,
        0,
        2620,
        0,
        2620,
        0,
        2620,
        0,
        0,
        0,
        0,
        2620,
        0,
        0,
        0,
        2620,
        0,
        0,
        0,
        2620,
        0,
        0,
        2620,
        0,
        0,
        0,
        2620,
        0,
        0,
        2620,
        0,
        0,
        0,
        0,
        0,
        0,
        0,
        0,
        2620,
        0,
        0,
        2620,
        0,
        0,
        2620,
        2620,
        0,
        2620,
        0,
        2620,
        0,
        2620,
        0,
        0,
        2620,
        0,
        0,
        0,
        2620,
        0,
        0,
        2620,
        0,
        0,
        0,
        0,
        0,
        0,
        2620,
        0,
        0,
        0,
        2620,
        0,
        0,
        2620,
        0,
        0,
        0,
        0,
        0,
        0,
        0,
        2620,
        2620,
        0,
        2620,
        0,
        0,
        0,
        0,
        0,
        0,
        2620,
        0,
        0,
        0,
        2620,
        0,
        0,
        0,
        2620,
        0,
        0,
        0,
        0,
        0,
        2620,
        0,
        0,
        0
    ]
}