{
    "mean_exact_match": 0.9024221897125244,
    "mean_bleu_score": 0.0,
    "mean_rougeL_score": 0.9024995009228728,
    "mean_rouge4_score": 0.0,
    "mean_wer_score": 0.13940070723990322,
    "mean_cer_score": 0.3413702884369948,
    "total_validation_time": 23512.785354614258,
    "token_use_counts": [
        34965,
        37611,
        37611,
        37611,
        37609,
        37607,
        37611,
        34996,
        37611,
        37611,
        37606,
        34439,
        34109,
        37606,
        37590,
        33769,
        33365,
        37575,
        37534,
        37479,
        37611,
        37429,
        37611,
        37307,
        37127,
        32558,
        36957,
        32251,
        37611,
        36607,
        36389,
        35449,
        34838,
        34154,
        37611,
        33112,
        32082,
        31182,
        30906,
        30022,
        21950,
        31422,
        28689,
        27294,
        30546,
        26965,
        25247,
        24264,
        37611,
        37611,
        22600,
        37611,
        21327,
        29613,
        18861,
        18179,
        15915,
        28774,
        37611,
        27610,
        14907,
        14590,
        14010,
        37611,
        10001,
        23574,
        37611,
        22910,
        37611,
        37611,
        21978,
        19924,
        37611,
        37611,
        8873,
        7962,
        18848,
        7065,
        16303,
        37611,
        15012,
        37611,
        6189,
        5359,
        37611,
        4880,
        4419,
        13347,
        3843,
        3502,
        3172,
        12364,
        37611,
        10592,
        37611,
        37611,
        10371,
        8922,
        37611,
        2690,
        37611,
        37611,
        7589,
        37611,
        2571,
        0,
        6646,
        37611,
        37611,
        6488,
        0,
        0,
        37611,
        37611,
        37611,
        0,
        37611,
        37611,
        0,
        5529,
        0,
        4499,
        37611,
        3457,
        2759,
        0,
        2176,
        710,
        0,
        1168,
        847,
        0,
        530,
        37611,
        376,
        194,
        0,
        0,
        37611,
        157,
        37611,
        4,
        0,
        0,
        37611,
        37611,
        37611,
        76,
        0,
        37611,
        31,
        37611,
        0,
        0,
        25,
        5,
        0,
        0,
        0,
        5,
        37611,
        0,
        0,
        37611,
        4,
        0,
        0,
        37611,
        0,
        0,
        37611,
        0,
        37611,
        37611,
        0,
        0,
        0,
        37611,
        0,
        37611,
        0,
        0,
        0,
        0,
        0,
        37611,
        0,
        37611,
        0,
        37611,
        0,
        0,
        0,
        0,
        37611,
        0,
        37611,
        37611,
        37611,
        0,
        0,
        0,
        37611,
        0,
        0,
        0,
        0,
        37611,
        0,
        0,
        37611,
        0,
        0,
        0,
        0,
        0,
        37611,
        0,
        0,
        0,
        0,
        0,
        37611,
        0,
        37611,
        0,
        0,
        0,
        0,
        0,
        37611,
        37611,
        37611,
        0,
        37611,
        0,
        0,
        0,
        0,
        0,
        0,
        37611,
        0,
        0,
        0,
        0,
        0,
        0,
        0,
        37611,
        0,
        37611,
        0,
        0,
        0,
        37611,
        0,
        0,
        0,
        0,
        0,
        37611,
        37611,
        0,
        0,
        0,
        37611,
        37611,
        0,
        0,
        0,
        0,
        0,
        0,
        0,
        37611,
        0,
        37611,
        0,
        37611,
        37611,
        0,
        0,
        0,
        0,
        0,
        0,
        0,
        0,
        0,
        0,
        37611,
        0,
        37611,
        0,
        37611,
        0,
        0,
        0,
        0,
        37611,
        0,
        0,
        0,
        37611,
        0,
        0,
        0,
        37611,
        0,
        0,
        37611,
        0,
        0,
        0,
        37611,
        0,
        0,
        37611,
        0,
        0,
        0,
        0,
        0,
        0,
        0,
        0,
        37611,
        0,
        0,
        37611,
        0,
        0,
        37611,
        37611,
        0,
        37611,
        0,
        37611,
        0,
        37611,
        0,
        0,
        37611,
        0,
        0,
        0,
        37611,
        0,
        0,
        37611,
        0,
        0,
        0,
        0,
        0,
        0,
        37611,
        0,
        0,
        0,
        37611,
        0,
        0,
        37611,
        0,
        0,
        0,
        0,
        0,
        0,
        0,
        37611,
        37611,
        0,
        37611,
        0,
        0,
        0,
        0,
        0,
        0,
        37611,
        0,
        0,
        0,
        37611,
        0,
        0,
        0,
        37611,
        0,
        0,
        0,
        0,
        0,
        37611,
        0,
        0,
        0
    ]
}