{
    "mean_exact_match": 0.0,
    "mean_bleu_score": 0.10796407401180329,
    "mean_rougeL_score": 0.32991929352367155,
    "mean_rouge4_score": 0.005967434500771785,
    "mean_wer_score": 0.898492797068865,
    "mean_cer_score": 0.723662429334416,
    "total_validation_time": 417.52115082740784,
    "token_use_counts": [
        0,
        0,
        0,
        0,
        0,
        0,
        0,
        0,
        0,
        0,
        0,
        0,
        0,
        0,
        0,
        0,
        0,
        0,
        0,
        0
    ]
}