{
    "mean_exact_match": 0.016291050240397453,
    "mean_bleu_score": 0.0529781707442875,
    "mean_rougeL_score": 0.021785212533763733,
    "mean_rouge4_score": 0.0001502468340845675,
    "mean_wer_score": 0.9758203038978198,
    "mean_cer_score": 0.779774114921447,
    "total_validation_time": 5424.614905357361,
    "token_use_counts": [
        0,
        0,
        0,
        0,
        0,
        0,
        0,
        0,
        0,
        0,
        0,
        0,
        0,
        0,
        0,
        0,
        0,
        0,
        0,
        0
    ]
}