{
    "mean_exact_match": 0.036259543150663376,
    "mean_bleu_score": 0.11836983307010207,
    "mean_rougeL_score": 0.36577381944708137,
    "mean_rouge4_score": 0.15210922235081537,
    "mean_wer_score": 0.8151649433776464,
    "mean_cer_score": 0.7186524346677636,
    "total_validation_time": 922.713431596756,
    "token_use_counts": [
        0,
        0,
        0,
        0,
        0,
        0,
        0,
        0,
        0,
        0,
        0,
        0,
        0,
        0,
        0,
        0,
        0,
        0,
        0,
        0
    ]
}