{
    "mean_exact_match": 0.9365345239639282,
    "mean_bleu_score": 0.0,
    "mean_rougeL_score": 0.9366142883730824,
    "mean_rouge4_score": 0.0,
    "mean_wer_score": 0.06346547552577703,
    "mean_cer_score": 0.07616140559857058,
    "total_validation_time": 12546.028007984161,
    "token_use_counts": [
        0,
        0,
        0,
        0,
        0,
        0,
        0,
        0,
        0,
        0,
        0,
        0,
        0,
        0,
        0,
        0,
        0,
        0,
        0,
        0
    ]
}