{
    "mean_exact_match": 0.0,
    "mean_bleu_score": 0.12914286521596285,
    "mean_rougeL_score": 0.3612593277040234,
    "mean_rouge4_score": 0.01092182856361257,
    "mean_wer_score": 0.9433758014822217,
    "mean_cer_score": 0.7491020395414936,
    "total_validation_time": 463.9257869720459,
    "token_use_counts": [
        1045,
        1045,
        1045,
        1045,
        1045,
        1045,
        1045,
        1045,
        1045,
        1045,
        1045,
        1045,
        1045,
        1045,
        1045,
        1045,
        1045,
        1045,
        1045,
        1045,
        1045,
        1045,
        1045,
        1045,
        1045,
        1045,
        1045,
        1045,
        1045,
        1045,
        1045,
        1045,
        1045,
        1045,
        1045,
        1045,
        1045,
        1045,
        1045,
        1045,
        1045,
        1045,
        1045,
        1045,
        1045,
        1045,
        1045,
        1045,
        1045,
        1045,
        0,
        0,
        0,
        0,
        0,
        0,
        0,
        0,
        0,
        0,
        0,
        0,
        0,
        0,
        0,
        0,
        0,
        0,
        0,
        0,
        0,
        0,
        0,
        0,
        0,
        0,
        0,
        0,
        0,
        0,
        0,
        0,
        0,
        0,
        0,
        0,
        0,
        0,
        0,
        0,
        0,
        0,
        0,
        0,
        0,
        0,
        0,
        0,
        0,
        0,
        0,
        0,
        0,
        0,
        0,
        0,
        0,
        0,
        0,
        0,
        0,
        0,
        0,
        0,
        0,
        0,
        0,
        0,
        0,
        0,
        0,
        0,
        0,
        0,
        0,
        0,
        0,
        0,
        0,
        0,
        0,
        0,
        0,
        0,
        0,
        0,
        0,
        0,
        0,
        0,
        0,
        0,
        0,
        0,
        0,
        0,
        0,
        0,
        0,
        0,
        0,
        0,
        0,
        0,
        0,
        0,
        0,
        0,
        0,
        0
    ]
}