{
    "mean_exact_match": 0.034964583814144135,
    "mean_bleu_score": 0.02683338276639249,
    "mean_rougeL_score": 0.026663338271516016,
    "mean_rouge4_score": 0.0007483212215987489,
    "mean_wer_score": 1.000748733759084,
    "mean_cer_score": 0.6705239278905326,
    "total_validation_time": 6408.4376039505005,
    "token_use_counts": [
        15530,
        15530,
        15530,
        15530,
        15530,
        15530,
        15530,
        15530,
        15530,
        15530,
        15530,
        15530,
        15530,
        15530,
        15530,
        15530,
        15530,
        15530,
        15530,
        15530,
        15530,
        15530,
        15530,
        15530,
        15530,
        15530,
        15530,
        15530,
        15530,
        15530,
        15530,
        15530,
        15530,
        15530,
        15530,
        15530,
        15530,
        15530,
        15530,
        15530,
        15530,
        15530,
        15530,
        15530,
        15530,
        15530,
        15530,
        15530,
        15530,
        15530,
        0,
        0,
        0,
        0,
        0,
        0,
        0,
        0,
        0,
        0,
        0,
        0,
        0,
        0,
        0,
        0,
        0,
        0,
        0,
        0,
        0,
        0,
        0,
        0,
        0,
        0,
        0,
        0,
        0,
        0,
        0,
        0,
        0,
        0,
        0,
        0,
        0,
        0,
        0,
        0,
        0,
        0,
        0,
        0,
        0,
        0,
        0,
        0,
        0,
        0,
        0,
        0,
        0,
        0,
        0,
        0,
        0,
        0,
        0,
        0,
        0,
        0,
        0,
        0,
        0,
        0,
        0,
        0,
        0,
        0,
        0,
        0,
        0,
        0,
        0,
        0,
        0,
        0,
        0,
        0,
        0,
        0,
        0,
        0,
        0,
        0,
        0,
        0,
        0,
        0,
        0,
        0,
        0,
        0,
        0,
        0,
        0,
        0,
        0,
        0,
        0,
        0,
        0,
        0,
        0,
        0,
        0,
        0,
        0,
        0
    ]
}