{
    "mean_exact_match": 0.5577617287635803,
    "mean_bleu_score": 0.0,
    "mean_rougeL_score": 0.5595667870036101,
    "mean_rouge4_score": 0.0,
    "mean_wer_score": 0.44223826714801445,
    "mean_cer_score": 0.46594857539958306,
    "total_validation_time": 97.48429012298584,
    "token_use_counts": [
        554,
        554,
        554,
        554,
        554,
        554,
        554,
        554,
        554,
        554,
        554,
        554,
        554,
        554,
        554,
        554,
        554,
        554,
        554,
        554,
        554,
        554,
        554,
        554,
        554,
        554,
        554,
        554,
        554,
        554,
        554,
        554,
        554,
        554,
        554,
        554,
        554,
        554,
        554,
        554,
        554,
        554,
        554,
        554,
        554,
        554,
        554,
        554,
        554,
        554,
        0,
        0,
        0,
        0,
        0,
        0,
        0,
        0,
        0,
        0,
        0,
        0,
        0,
        0,
        0,
        0,
        0,
        0,
        0,
        0,
        0,
        0,
        0,
        0,
        0,
        0,
        0,
        0,
        0,
        0,
        0,
        0,
        0,
        0,
        0,
        0,
        0,
        0,
        0,
        0,
        0,
        0,
        0,
        0,
        0,
        0,
        0,
        0,
        0,
        0,
        0,
        0,
        0,
        0,
        0,
        0,
        0,
        0,
        0,
        0,
        0,
        0,
        0,
        0,
        0,
        0,
        0,
        0,
        0,
        0,
        0,
        0,
        0,
        0,
        0,
        0,
        0,
        0,
        0,
        0,
        0,
        0,
        0,
        0,
        0,
        0,
        0,
        0,
        0,
        0,
        0,
        0,
        0,
        0,
        0,
        0,
        0,
        0,
        0,
        0,
        0,
        0,
        0,
        0,
        0,
        0,
        0,
        0,
        0,
        0
    ]
}