{
    "mean_exact_match": 0.06946565210819244,
    "mean_bleu_score": 0.2860343483627273,
    "mean_rougeL_score": 0.5001698451879527,
    "mean_rouge4_score": 0.23859905419852565,
    "mean_wer_score": 0.9164204825209257,
    "mean_cer_score": 0.7418624288219628,
    "total_validation_time": 1602.455394744873,
    "token_use_counts": [
        2620,
        2620,
        2620,
        2620,
        2620,
        2620,
        2620,
        2620,
        2620,
        2620,
        2620,
        2620,
        2620,
        2620,
        2620,
        2620,
        2620,
        2620,
        2620,
        2620,
        2620,
        2620,
        2620,
        2620,
        2620,
        2620,
        2620,
        2620,
        2620,
        2620,
        2620,
        2620,
        2620,
        2620,
        2620,
        2620,
        2620,
        2620,
        2620,
        2620,
        2620,
        2620,
        2620,
        2620,
        2620,
        2620,
        2620,
        2620,
        2620,
        2620,
        0,
        0,
        0,
        0,
        0,
        0,
        0,
        0,
        0,
        0,
        0,
        0,
        0,
        0,
        0,
        0,
        0,
        0,
        0,
        0,
        0,
        0,
        0,
        0,
        0,
        0,
        0,
        0,
        0,
        0,
        0,
        0,
        0,
        0,
        0,
        0,
        0,
        0,
        0,
        0,
        0,
        0,
        0,
        0,
        0,
        0,
        0,
        0,
        0,
        0,
        0,
        0,
        0,
        0,
        0,
        0,
        0,
        0,
        0,
        0,
        0,
        0,
        0,
        0,
        0,
        0,
        0,
        0,
        0,
        0,
        0,
        0,
        0,
        0,
        0,
        0,
        0,
        0,
        0,
        0,
        0,
        0,
        0,
        0,
        0,
        0,
        0,
        0,
        0,
        0,
        0,
        0,
        0,
        0,
        0,
        0,
        0,
        0,
        0,
        0,
        0,
        0,
        0,
        0,
        0,
        0,
        0,
        0,
        0,
        0
    ]
}