{
    "mean_exact_match": 0.573664128780365,
    "mean_bleu_score": 0.9201230341953887,
    "mean_rougeL_score": 0.9569127789645093,
    "mean_rouge4_score": 0.863204472702796,
    "mean_wer_score": 0.04363207547169811,
    "mean_cer_score": 0.021890770358665556,
    "total_validation_time": 1493.521646976471,
    "token_use_counts": [
        2620,
        2620,
        2620,
        2620,
        2620,
        2620,
        2620,
        2620,
        2620,
        2620,
        2620,
        2620,
        2620,
        2620,
        2620,
        2620,
        2620,
        2620,
        2620,
        2620,
        2620,
        2620,
        2620,
        2620,
        2620,
        2620,
        2620,
        2620,
        2620,
        2620,
        2620,
        2620,
        2620,
        2620,
        2620,
        2620,
        2620,
        2620,
        2620,
        2620,
        2620,
        2620,
        2620,
        2620,
        2620,
        2620,
        2620,
        2620,
        2620,
        2620,
        0,
        0,
        0,
        0,
        0,
        0,
        0,
        0,
        0,
        0,
        0,
        0,
        0,
        0,
        0,
        0,
        0,
        0,
        0,
        0,
        0,
        0,
        0,
        0,
        0,
        0,
        0,
        0,
        0,
        0,
        0,
        0,
        0,
        0,
        0,
        0,
        0,
        0,
        0,
        0,
        0,
        0,
        0,
        0,
        0,
        0,
        0,
        0,
        0,
        0,
        0,
        0,
        0,
        0,
        0,
        0,
        0,
        0,
        0,
        0,
        0,
        0,
        0,
        0,
        0,
        0,
        0,
        0,
        0,
        0,
        0,
        0,
        0,
        0,
        0,
        0,
        0,
        0,
        0,
        0,
        0,
        0,
        0,
        0,
        0,
        0,
        0,
        0,
        0,
        0,
        0,
        0,
        0,
        0,
        0,
        0,
        0,
        0,
        0,
        0,
        0,
        0,
        0,
        0,
        0,
        0,
        0,
        0,
        0,
        0
    ]
}