{
    "mean_exact_match": 0.9060381054878235,
    "mean_bleu_score": 0.0,
    "mean_rougeL_score": 0.9061365231768277,
    "mean_rouge4_score": 0.0,
    "mean_wer_score": 0.7202148307675946,
    "mean_cer_score": 1.9641155449672425,
    "total_validation_time": 38616.87735390663,
    "token_use_counts": [
        37611,
        37611,
        37611,
        37611,
        37611,
        37611,
        37611,
        37611,
        37611,
        37611,
        37611,
        37611,
        37611,
        37611,
        37611,
        37611,
        37611,
        37611,
        37611,
        37611,
        37611,
        37611,
        37611,
        37611,
        37611,
        37611,
        37611,
        37611,
        37611,
        37611,
        37611,
        37611,
        37611,
        37611,
        37611,
        37611,
        37611,
        37611,
        37611,
        37611,
        37611,
        37611,
        37611,
        37611,
        37611,
        37611,
        37611,
        37611,
        37611,
        37611,
        0,
        0,
        0,
        0,
        0,
        0,
        0,
        0,
        0,
        0,
        0,
        0,
        0,
        0,
        0,
        0,
        0,
        0,
        0,
        0,
        0,
        0,
        0,
        0,
        0,
        0,
        0,
        0,
        0,
        0,
        0,
        0,
        0,
        0,
        0,
        0,
        0,
        0,
        0,
        0,
        0,
        0,
        0,
        0,
        0,
        0,
        0,
        0,
        0,
        0,
        0,
        0,
        0,
        0,
        0,
        0,
        0,
        0,
        0,
        0,
        0,
        0,
        0,
        0,
        0,
        0,
        0,
        0,
        0,
        0,
        0,
        0,
        0,
        0,
        0,
        0,
        0,
        0,
        0,
        0,
        0,
        0,
        0,
        0,
        0,
        0,
        0,
        0,
        0,
        0,
        0,
        0,
        0,
        0,
        0,
        0,
        0,
        0,
        0,
        0,
        0,
        0,
        0,
        0,
        0,
        0,
        0,
        0,
        0,
        0
    ]
}