{
    "mean_exact_match": 0.0,
    "mean_bleu_score": 0.0786943695652538,
    "mean_rougeL_score": 0.3069434160033998,
    "mean_rouge4_score": 0.005706114804632303,
    "mean_wer_score": 1.0280622866183695,
    "mean_cer_score": 0.8139738264047225,
    "total_validation_time": 505.8334844112396,
    "token_use_counts": [
        1045,
        59,
        1045,
        729,
        95,
        87,
        48,
        99,
        627,
        688,
        77,
        442,
        1045,
        154,
        110,
        1043,
        96,
        1045,
        631,
        882,
        96,
        918,
        780,
        29,
        662,
        772,
        1045,
        1045,
        835,
        83,
        684,
        1045,
        1024,
        1045,
        79,
        732,
        456,
        597,
        843,
        145,
        27,
        1045,
        1045,
        741,
        701,
        1045,
        1045,
        1045,
        55,
        335,
        684,
        1045,
        1045,
        417,
        1045,
        786,
        620,
        791,
        43,
        1045,
        655,
        728,
        74,
        1045,
        724,
        41,
        103,
        594,
        80,
        989,
        1045,
        42,
        47,
        30,
        745,
        921,
        28,
        1045,
        978,
        644,
        1045,
        1044,
        668,
        258,
        12,
        629,
        1006,
        1045,
        1045,
        504,
        67,
        469,
        382,
        1045,
        658,
        293,
        519,
        897,
        807,
        1045,
        39,
        395,
        674,
        60,
        457,
        1045,
        99,
        84,
        25,
        717,
        727,
        508,
        588,
        634,
        644,
        420,
        1045,
        579,
        1045,
        311,
        706,
        438,
        106,
        813,
        1045,
        307,
        1044,
        116,
        867,
        870,
        82,
        603,
        206,
        6,
        1045,
        446,
        525,
        1042,
        405,
        68,
        1045,
        25,
        359,
        1045,
        1045,
        36,
        473,
        479,
        470,
        56,
        587,
        133,
        1045,
        113,
        1045,
        424,
        455,
        74,
        467,
        1045,
        0,
        467,
        188,
        436,
        603,
        446,
        343,
        94,
        96,
        348,
        121,
        27,
        0,
        175,
        31,
        17,
        417,
        167,
        499,
        381,
        73,
        873,
        283,
        411,
        441,
        1045,
        549,
        2,
        136,
        177,
        249,
        411,
        928,
        470,
        26,
        1045,
        7,
        2,
        1045,
        201,
        1045,
        1045,
        134,
        84,
        1045,
        373,
        232,
        67,
        1045,
        1045,
        153,
        100,
        1045,
        604,
        284,
        1045,
        1045,
        226,
        112,
        343,
        76,
        1045,
        53,
        21,
        10,
        156,
        60,
        1045,
        114,
        1039,
        62,
        110,
        50,
        194,
        132,
        43,
        4,
        14,
        291,
        65,
        207,
        4,
        427,
        49,
        66,
        458,
        98,
        52,
        226,
        2,
        539,
        9,
        396,
        539,
        6,
        147,
        192,
        474,
        365,
        4,
        424,
        5,
        4,
        319,
        1045,
        490,
        97,
        0,
        1045,
        232,
        324,
        10,
        407,
        587,
        35,
        292,
        1034,
        113,
        0,
        27,
        24,
        340,
        9,
        228,
        211,
        631,
        0,
        31,
        1027,
        12,
        546,
        124,
        1,
        54,
        1045,
        8,
        1045,
        1045,
        931,
        1045,
        71,
        56,
        1045,
        196,
        85,
        169,
        186,
        238,
        6,
        1043,
        19,
        1045,
        9,
        201,
        56,
        7,
        580,
        369,
        38,
        54,
        22,
        361,
        36,
        18,
        0,
        137,
        176,
        15,
        11,
        48,
        5,
        93,
        386,
        3,
        1045,
        48,
        323,
        13,
        124,
        26,
        11,
        717,
        66,
        205,
        1045,
        1,
        258,
        433,
        1045,
        19,
        1,
        56,
        500,
        378,
        17,
        367,
        328,
        1045,
        492,
        9,
        76,
        719,
        1045,
        466,
        772,
        72,
        52,
        1045,
        21,
        99,
        1045,
        1045,
        130,
        0,
        0,
        11,
        392,
        16,
        20,
        24,
        1045,
        37,
        156,
        1,
        0,
        158,
        179,
        155,
        67,
        1045,
        40,
        235,
        66,
        77,
        0,
        250,
        41,
        164,
        250,
        15
    ]
}