{
    "mean_exact_match": 0.0424983911216259,
    "mean_bleu_score": 0.04561317981528823,
    "mean_rougeL_score": 0.03288135806468446,
    "mean_rouge4_score": 0.0007686654048534281,
    "mean_wer_score": 0.9911032812155913,
    "mean_cer_score": 0.6278326133648672,
    "total_validation_time": 6682.701521158218,
    "token_use_counts": [
        0,
        0,
        0,
        0,
        0,
        0,
        0,
        15530,
        0,
        15530,
        0,
        15530,
        0,
        15530,
        15530,
        0,
        0,
        15530,
        15530,
        15530,
        0,
        15530,
        0,
        15527,
        0,
        0,
        0,
        15530,
        0,
        0,
        0,
        0,
        15530,
        15530,
        0,
        4439,
        0,
        0,
        15530,
        0,
        0,
        15530,
        15530,
        15530,
        0,
        15530,
        0,
        0,
        15530,
        0,
        15530,
        0,
        15530,
        0,
        0,
        15530,
        0,
        15530,
        0,
        0,
        0,
        0,
        0,
        0,
        0,
        0,
        0,
        0,
        0,
        15530,
        0,
        0,
        0,
        0,
        15530,
        0,
        15530,
        0,
        15530,
        0,
        15530,
        0,
        15530,
        0,
        0,
        0,
        0,
        15530,
        9,
        0,
        0,
        0,
        0,
        15530,
        0,
        0,
        0,
        137,
        0,
        2413,
        15530,
        0,
        0,
        0,
        0,
        15530,
        15530,
        0,
        0,
        15530,
        15530,
        15530,
        0,
        0,
        15314,
        0,
        0,
        0,
        0,
        15530,
        15530,
        15530,
        0,
        0,
        15530,
        0,
        15530,
        0,
        0,
        11,
        15530,
        15530,
        0,
        0,
        0,
        0,
        15530,
        15530,
        0,
        15530,
        15530,
        0,
        15530,
        15530,
        15530,
        0,
        0,
        15530,
        15530,
        0,
        15530,
        15530,
        15530,
        0,
        15530,
        0,
        0,
        0,
        0,
        15530,
        0,
        0,
        0,
        0,
        0,
        0,
        15530,
        0,
        15530,
        0,
        0,
        0,
        0,
        0,
        0,
        14038,
        0,
        0,
        15530,
        0,
        0,
        15530,
        15500,
        15530,
        15530,
        0,
        0,
        0,
        15530,
        8440,
        18,
        15530,
        0,
        15530,
        0,
        0,
        0,
        15528,
        0,
        0,
        15530,
        0,
        0,
        0,
        15530,
        0,
        0,
        15530,
        15530,
        15530,
        0,
        15530,
        15530,
        15530,
        15530,
        15530,
        15530,
        15530,
        260,
        15530,
        0,
        0,
        0,
        0,
        0,
        0,
        0,
        0,
        0,
        15530,
        0,
        0,
        15530,
        0,
        0,
        15530,
        0,
        0,
        15530,
        15530,
        15530,
        0,
        0,
        15530,
        15530,
        15530,
        0,
        15530,
        15530,
        0,
        0,
        0,
        15196,
        15530,
        0,
        0,
        15530,
        15530,
        0,
        0,
        15530,
        15530,
        15530,
        0,
        15530,
        15530,
        0,
        0,
        7,
        0,
        15530,
        0,
        0,
        15530,
        15530,
        15530,
        0,
        0,
        0,
        0,
        0,
        15530,
        15530,
        0,
        0,
        15530,
        0,
        0,
        15530,
        0,
        15530,
        0,
        15530,
        0,
        15530,
        15530,
        15530,
        15530,
        0,
        15530,
        15530,
        0,
        0,
        15530,
        0,
        0,
        15530,
        0,
        0,
        15530,
        0,
        15530,
        0,
        0,
        0,
        0,
        0,
        0,
        0,
        15530,
        15530,
        15530,
        0,
        0,
        0,
        0,
        15508,
        0,
        0,
        15530,
        0,
        15530,
        0,
        0,
        15530,
        0,
        0,
        15530,
        0,
        15530,
        0,
        0,
        4,
        0,
        15530,
        0,
        0,
        0,
        15530,
        0,
        0,
        0,
        15530,
        15530,
        15530,
        15530,
        15530,
        15530,
        0,
        0,
        0,
        0,
        0,
        15530,
        0,
        0,
        15530,
        0,
        0,
        15530,
        15530,
        15530,
        15530,
        15530,
        0,
        0,
        15530,
        15530,
        0,
        15530,
        15530,
        15530,
        15530,
        0,
        0,
        15530,
        0,
        0,
        15530,
        0,
        0,
        0,
        0,
        15530,
        0,
        15530,
        0,
        15530,
        1891,
        0
    ]
}