{
    "mean_exact_match": 0.7797833681106567,
    "mean_bleu_score": 0.0,
    "mean_rougeL_score": 0.7815884476534296,
    "mean_rouge4_score": 0.0,
    "mean_wer_score": 0.22021660649819494,
    "mean_cer_score": 0.2425295343988881,
    "total_validation_time": 261.4162130355835,
    "token_use_counts": [
        0,
        0,
        0,
        0,
        0,
        554,
        0,
        0,
        0,
        0,
        554,
        554,
        0,
        554,
        554,
        0,
        554,
        0,
        0,
        554,
        0,
        0,
        0,
        0,
        554,
        554,
        0,
        0,
        554,
        0,
        554,
        0,
        554,
        0,
        0,
        0,
        554,
        0,
        0,
        0,
        0,
        554,
        554,
        554,
        0,
        0,
        554,
        0,
        0,
        554,
        0,
        0,
        554,
        0,
        0,
        554,
        554,
        0,
        0,
        0,
        0,
        554,
        554,
        0,
        0,
        0,
        0,
        0,
        554,
        554,
        554,
        0,
        554,
        0,
        0,
        554,
        0,
        554,
        554,
        554,
        0,
        0,
        554,
        0,
        0,
        0,
        0,
        554,
        0,
        0,
        554,
        0,
        0,
        554,
        554,
        554,
        0,
        0,
        0,
        0,
        554,
        554,
        0,
        0,
        0,
        554,
        0,
        554,
        554,
        554,
        554,
        554,
        0,
        554,
        554,
        0,
        0,
        554,
        554,
        554,
        0,
        554,
        0,
        0,
        554,
        554,
        554,
        0,
        554,
        0,
        554,
        0,
        0,
        0,
        0,
        0,
        554,
        0,
        0,
        554,
        0,
        0,
        0,
        0,
        554,
        0,
        0,
        0,
        554,
        0,
        0,
        0,
        0,
        0,
        554,
        0,
        0,
        0,
        554,
        0,
        0,
        0,
        554,
        0,
        0,
        0,
        554,
        554,
        0,
        0,
        554,
        0,
        0,
        554,
        554,
        554,
        0,
        0,
        554,
        0,
        0,
        0,
        0,
        554,
        0,
        554,
        0,
        554,
        0,
        554,
        0,
        0,
        0,
        0,
        0,
        554,
        0,
        0,
        0,
        0,
        0,
        0,
        554,
        0,
        0,
        0,
        0,
        554,
        0,
        554,
        554,
        0,
        554,
        0,
        554,
        0,
        554,
        0,
        0,
        0,
        0,
        554,
        0,
        554,
        0,
        0,
        554,
        0,
        0,
        0,
        0,
        554,
        554,
        0,
        0,
        0,
        0,
        554,
        0,
        0,
        554,
        0,
        554,
        0,
        0,
        554,
        0,
        0,
        0,
        554,
        0,
        554,
        554,
        0,
        0,
        0,
        0,
        0,
        0,
        0,
        0,
        0,
        0,
        554,
        554,
        0,
        0,
        0,
        0,
        0,
        0,
        554,
        0,
        0,
        0,
        0,
        0,
        554,
        0,
        0,
        554,
        0,
        0,
        554,
        554,
        0,
        0,
        0,
        554,
        0,
        554,
        0,
        554,
        554,
        0,
        554,
        554,
        554,
        554,
        0,
        0,
        554,
        554,
        554,
        0,
        0,
        0,
        0,
        554,
        554,
        0,
        554,
        554,
        554,
        0,
        0,
        0,
        554,
        0,
        554,
        0,
        554,
        554,
        554,
        0,
        554,
        0,
        554,
        0,
        0,
        0,
        0,
        554,
        0,
        0,
        0,
        554,
        0,
        554,
        554,
        554,
        0,
        554,
        554,
        554,
        0,
        0,
        0,
        0,
        0,
        554,
        0,
        0,
        554,
        0,
        554,
        0,
        0,
        0,
        554,
        554,
        554,
        554,
        0,
        0,
        554,
        0,
        554,
        554,
        554,
        554,
        554,
        0,
        554,
        554,
        554,
        554,
        0,
        554,
        0,
        554,
        0,
        554,
        0,
        0,
        554,
        554,
        0,
        554,
        554,
        554,
        0,
        0,
        0,
        0,
        554,
        554,
        554,
        0,
        0
    ]
}