{
    "mean_exact_match": 0.03549618273973465,
    "mean_bleu_score": 0.19700468364442741,
    "mean_rougeL_score": 0.37813460002967136,
    "mean_rouge4_score": 0.1721540423641805,
    "mean_wer_score": 1.165755785327425,
    "mean_cer_score": 0.9390607746768571,
    "total_validation_time": 1809.0784480571747,
    "token_use_counts": [
        0,
        0,
        2607,
        0,
        1,
        2620,
        0,
        2619,
        2620,
        0,
        0,
        2620,
        2620,
        0,
        2620,
        0,
        0,
        2620,
        0,
        2619,
        2620,
        2620,
        0,
        2616,
        0,
        0,
        2620,
        2620,
        0,
        15,
        2612,
        2620,
        2620,
        0,
        2620,
        2614,
        0,
        2610,
        0,
        2620,
        2493,
        2620,
        2620,
        0,
        0,
        2620,
        1,
        2,
        0,
        2,
        0,
        0,
        2620,
        0,
        2620,
        2620,
        0,
        0,
        2620,
        6,
        0,
        2620,
        2620,
        0,
        0,
        2620,
        2581,
        2620,
        0,
        0,
        2620,
        0,
        0,
        0,
        2,
        0,
        0,
        4,
        2620,
        0,
        0,
        5,
        0,
        0,
        0,
        0,
        1,
        0,
        0,
        0,
        0,
        1,
        2620,
        2620,
        0,
        0,
        2,
        2620,
        0,
        2620,
        0,
        0,
        39,
        2620,
        0,
        2620,
        2620,
        4,
        0,
        2620,
        0,
        2620,
        0,
        0,
        2620,
        0,
        0,
        0,
        2620,
        2620,
        0,
        0,
        0,
        0,
        2620,
        3,
        10,
        526,
        0,
        0,
        2620,
        0,
        0,
        2620,
        42,
        0,
        2620,
        2620,
        0,
        2620,
        0,
        0,
        0,
        2620,
        0,
        2601,
        0,
        2619,
        0,
        2620,
        0,
        0,
        2620,
        2620,
        2620,
        0,
        0,
        0,
        0,
        2618,
        2620,
        2618,
        2620,
        0,
        53,
        0,
        2620,
        2528,
        2620,
        0,
        0,
        0,
        2620,
        0,
        0,
        1655,
        2620,
        0,
        2620,
        0,
        0,
        2620,
        2615,
        2620,
        2620,
        2620,
        2620,
        0,
        0,
        2620,
        0,
        2620,
        0,
        2620,
        2620,
        2620,
        0,
        2620,
        0,
        1,
        1,
        2620,
        0,
        0,
        2620,
        1,
        0,
        0,
        0,
        0,
        0,
        25,
        2620,
        2620,
        4,
        7,
        0,
        2620,
        2620,
        2620,
        0,
        0,
        0,
        2612,
        2620,
        0,
        2619,
        2620,
        3,
        0,
        1,
        0,
        2618,
        0,
        1,
        2620,
        0,
        0,
        0,
        2620,
        0,
        0,
        0,
        2620,
        2620,
        2620,
        0,
        0,
        0,
        2618,
        2620,
        0,
        2620,
        0,
        0,
        0,
        2620,
        2620,
        2620,
        0,
        0,
        0,
        1,
        18,
        2620,
        0,
        0,
        2620,
        0,
        1419,
        2620,
        0,
        0,
        2620,
        0,
        2620,
        2620,
        0,
        0,
        0,
        2620,
        0,
        651,
        0,
        0,
        0,
        2620,
        2615,
        3,
        0,
        2620,
        5,
        2,
        0,
        2620,
        0,
        0,
        2620,
        9,
        1,
        2620,
        2620,
        0,
        0,
        0,
        0,
        0,
        2620,
        0,
        2620,
        0,
        0,
        2620,
        0,
        2620,
        0,
        0,
        2583,
        0,
        1,
        0,
        2620,
        0,
        0,
        2620,
        2620,
        2620,
        2620,
        13,
        0,
        0,
        0,
        2224,
        0,
        2616,
        2620,
        0,
        2619,
        0,
        19,
        0,
        0,
        43,
        0,
        0,
        0,
        0,
        2620,
        2620,
        0,
        0,
        2620,
        0,
        2620,
        0,
        0,
        0,
        0,
        2620,
        2620,
        0,
        0,
        2618,
        0,
        0,
        2620,
        2620,
        2619,
        2620,
        2620,
        0,
        0,
        0,
        2618,
        2620,
        2616,
        0,
        0,
        0,
        2620,
        2620,
        2620,
        0,
        0,
        0,
        2620,
        1,
        2619,
        1228,
        0,
        0,
        0,
        0,
        2620,
        2609,
        2620,
        0,
        215,
        0,
        2620
    ]
}