{
    "mean_exact_match": 0.6549618244171143,
    "mean_bleu_score": 0.9331155824837606,
    "mean_rougeL_score": 0.9644248055509629,
    "mean_rouge4_score": 0.8895426471604028,
    "mean_wer_score": 0.042148508825319536,
    "mean_cer_score": 0.02251001829272633,
    "total_validation_time": 1569.1944434642792,
    "token_use_counts": [
        2620,
        2620,
        0,
        0,
        4,
        460,
        54,
        2607,
        0,
        0,
        0,
        0,
        9,
        15,
        2620,
        0,
        0,
        0,
        0,
        0,
        1757,
        2606,
        0,
        0,
        0,
        2620,
        6,
        2620,
        0,
        11,
        2620,
        2615,
        5,
        273,
        11,
        0,
        0,
        2608,
        2620,
        2620,
        7,
        2620,
        2620,
        0,
        0,
        2612,
        2612,
        0,
        0,
        0,
        2596,
        11,
        0,
        0,
        2620,
        6,
        0,
        2620,
        2620,
        2613,
        2619,
        2613,
        2610,
        11,
        5,
        2620,
        0,
        2613,
        5,
        2620,
        2620,
        2620,
        2620,
        2620,
        0,
        2608,
        2302,
        11,
        2620,
        0,
        0,
        2620,
        2620,
        0,
        11,
        0,
        0,
        2620,
        0,
        0,
        2620,
        0,
        0,
        2619,
        0,
        0,
        0,
        0,
        0,
        0,
        0,
        2615,
        2611,
        2620,
        0,
        2620,
        0,
        0,
        0,
        2620,
        0,
        2620,
        0,
        0,
        2620,
        0,
        0,
        0,
        2612,
        0,
        2620,
        2608,
        0,
        2605,
        0,
        935,
        7,
        0,
        0,
        2620,
        0,
        12,
        2620,
        22,
        2620,
        0,
        0,
        2620,
        0,
        2620,
        1,
        2384,
        11,
        0,
        2620,
        2620,
        2620,
        0,
        11,
        0,
        2620,
        0,
        2620,
        2620,
        0,
        0,
        0,
        2612,
        0,
        400,
        0,
        0,
        0,
        2620,
        2620,
        0,
        0,
        2602,
        2620,
        0,
        11,
        56,
        5,
        2612,
        0,
        7,
        0,
        2613,
        2618,
        0,
        2605,
        11,
        0,
        2612,
        2620,
        11,
        0,
        0,
        0,
        0,
        0,
        2620,
        2601,
        2620,
        0,
        2605,
        11,
        0,
        2609,
        2610,
        0,
        0,
        2620,
        0,
        0,
        150,
        0,
        2609,
        2613,
        15,
        0,
        0,
        5,
        2620,
        10,
        0,
        717,
        6,
        0,
        6,
        2610,
        2620,
        211,
        0,
        2593,
        9,
        1,
        2609,
        0,
        0,
        0,
        0,
        0,
        0,
        0,
        7,
        10,
        1,
        2,
        2615,
        0,
        2486,
        0,
        0,
        0,
        5,
        2611,
        0,
        0,
        7,
        6,
        1004,
        9,
        6,
        2616,
        0,
        10,
        0,
        2612,
        2620,
        2620,
        2620,
        2569,
        2608,
        0,
        2620,
        0,
        7,
        1814,
        0,
        2620,
        2620,
        0,
        2620,
        0,
        0,
        2603,
        0,
        0,
        0,
        9,
        0,
        2620,
        2620,
        0,
        2610,
        11,
        0,
        0,
        0,
        0,
        0,
        2620,
        2620,
        0,
        2617,
        2620,
        2353,
        2620,
        2620,
        2620,
        2620,
        0,
        15,
        3,
        1,
        0,
        2620,
        0,
        2620,
        2219,
        22,
        0,
        0,
        0,
        0,
        0,
        0,
        0,
        3,
        2612,
        0,
        0,
        2620,
        2612,
        0,
        8,
        2620,
        1546,
        2612,
        2620,
        0,
        0,
        8,
        2600,
        2610,
        0,
        2606,
        0,
        2614,
        2620,
        0,
        0,
        0,
        0,
        0,
        0,
        7,
        2620,
        0,
        0,
        2609,
        2620,
        2620,
        2614,
        0,
        2617,
        2603,
        2620,
        0,
        0,
        2620,
        2614,
        2606,
        2583,
        2612,
        0,
        0,
        2620,
        2620,
        10,
        2620,
        9,
        0,
        2620,
        14,
        2620,
        0,
        0,
        2620,
        2620,
        2620,
        0,
        0,
        0,
        0,
        2606,
        6,
        2620,
        6,
        0,
        13,
        6,
        2620,
        2620,
        2620,
        0,
        2620,
        2620,
        2612
    ]
}