{
    "mean_exact_match": 0.942649781703949,
    "mean_bleu_score": 0.0,
    "mean_rougeL_score": 0.9427295206189679,
    "mean_rouge4_score": 0.0,
    "mean_wer_score": 0.05735024327989152,
    "mean_cer_score": 0.06882285373947078,
    "total_validation_time": 10138.490359783173,
    "token_use_counts": [
        37611,
        37611,
        37611,
        37611,
        37611,
        37611,
        0,
        0,
        0,
        0,
        37611,
        37611,
        0,
        37611,
        37611,
        0,
        37611,
        37611,
        37611,
        0,
        37611,
        0,
        37611,
        37611,
        0,
        0,
        37611,
        0,
        37611,
        37611,
        0,
        0,
        0,
        0,
        0,
        37611,
        37611,
        0,
        37611,
        0,
        0,
        0,
        0,
        0,
        0,
        0,
        0,
        37611,
        0,
        37611,
        0,
        37611,
        0,
        0,
        37611,
        37611,
        37611,
        0,
        37611,
        0,
        0,
        37611,
        37611,
        0,
        37611,
        0,
        0,
        0,
        37611,
        0,
        0,
        0,
        0,
        0,
        0,
        37611,
        0,
        37611,
        0,
        0,
        37611,
        37611,
        37611,
        37611,
        0,
        37611,
        0,
        37611,
        37611,
        37611,
        37611,
        37611,
        37611,
        0,
        37611,
        0,
        0,
        0,
        0,
        0,
        0,
        0,
        0,
        0,
        0,
        37611,
        37611,
        0,
        37611,
        37611,
        0,
        0,
        0,
        37611,
        0,
        37611,
        0,
        37611,
        0,
        37611,
        0,
        37611,
        0,
        0,
        37611,
        0,
        0,
        0,
        37611,
        0,
        0,
        0,
        37611,
        0,
        37611,
        37611,
        37611,
        37611,
        0,
        0,
        0,
        0,
        37611,
        0,
        37611,
        0,
        0,
        37611,
        0,
        37611,
        0,
        37611,
        0,
        0,
        0,
        0,
        0,
        0,
        0,
        0,
        0,
        0,
        0,
        37611,
        0,
        37611,
        0,
        0,
        0,
        37611,
        0,
        0,
        0,
        37611,
        0,
        0,
        0,
        0,
        37611,
        0,
        0,
        37611,
        37611,
        0,
        0,
        0,
        37611,
        0,
        0,
        37611,
        0,
        0,
        37611,
        0,
        0,
        37611,
        37611,
        0,
        37611,
        37611,
        37611,
        0,
        0,
        0,
        37611,
        37611,
        37611,
        37611,
        0,
        0,
        0,
        0,
        0,
        0,
        0,
        0,
        0,
        37611,
        0,
        37611,
        37611,
        0,
        37611,
        37611,
        0,
        37611,
        0,
        37611,
        37611,
        0,
        37611,
        37611,
        37611,
        37611,
        0,
        37611,
        0,
        37611,
        37611,
        37611,
        0,
        0,
        37611,
        37611,
        0,
        0,
        0,
        0,
        0,
        0,
        0,
        0,
        0,
        37611,
        0,
        37611,
        0,
        37611,
        0,
        0,
        0,
        37611,
        37611,
        37611,
        0,
        0,
        0,
        0,
        0,
        37611,
        0,
        37611,
        37611,
        0,
        37611,
        37611,
        0,
        37611,
        0,
        0,
        0,
        0,
        0,
        37611,
        37611,
        37611,
        0,
        0,
        0,
        0,
        0,
        0,
        0,
        0,
        37611,
        0,
        0,
        37611,
        37611,
        0,
        37611,
        0,
        0,
        37611,
        0,
        0,
        0,
        37611,
        0,
        0,
        0,
        37611,
        0,
        0,
        0,
        37611,
        0,
        37611,
        37611,
        0,
        0,
        0,
        0,
        0,
        37611,
        37611,
        37611,
        0,
        0,
        0,
        37611,
        37611,
        0,
        0,
        0,
        37611,
        0,
        37611,
        0,
        37611,
        37611,
        0,
        37611,
        37611,
        0,
        0,
        37611,
        0,
        37611,
        37611,
        0,
        0,
        37611,
        0,
        37611,
        0,
        37611,
        37611,
        0,
        37611,
        37611,
        0,
        37611,
        0,
        0,
        0,
        0,
        0,
        0,
        0,
        0,
        0,
        0,
        37611,
        0,
        0,
        37611,
        0,
        37611,
        0,
        37611,
        0,
        37611,
        0,
        37611,
        0,
        0,
        0,
        0,
        0,
        37611,
        37611,
        0,
        0,
        0,
        0,
        0,
        0,
        0,
        37611
    ]
}