{
    "mean_exact_match": 0.0,
    "mean_bleu_score": 0.13094785681480575,
    "mean_rougeL_score": 0.3564056204750059,
    "mean_rouge4_score": 0.011409317721166217,
    "mean_wer_score": 0.9701890248979932,
    "mean_cer_score": 0.7720898272792579,
    "total_validation_time": 479.77097821235657,
    "token_use_counts": [
        998,
        985,
        157,
        0,
        15,
        953,
        1034,
        1036,
        211,
        1037,
        891,
        4,
        59,
        157,
        263,
        815,
        93,
        41,
        326,
        48,
        1005,
        13,
        337,
        1045,
        16,
        38,
        999,
        152,
        203,
        520,
        100,
        1045,
        0,
        90,
        735,
        57,
        88,
        17,
        14,
        0,
        539,
        50,
        6,
        0,
        1042,
        197,
        98,
        0,
        7,
        3,
        168,
        816,
        4,
        911,
        31,
        1045,
        1009,
        3,
        884,
        16,
        1027,
        1045,
        949,
        1045,
        0,
        866,
        1045,
        15,
        187,
        996,
        116,
        798,
        635,
        1015,
        101,
        858,
        0,
        52,
        121,
        1042,
        73,
        0,
        454,
        206,
        699,
        9,
        197,
        1045,
        560,
        11,
        990,
        3,
        19,
        487,
        5,
        352,
        223,
        0,
        0,
        1017,
        759,
        855,
        208,
        859,
        192,
        470,
        125,
        760,
        1038,
        680,
        74,
        0,
        7,
        1045,
        803,
        1,
        953,
        1040,
        0,
        936,
        0,
        971,
        1045,
        855,
        44,
        859,
        124,
        0,
        0,
        22,
        941,
        0,
        1045,
        1045,
        6,
        66,
        182,
        1042,
        5,
        967,
        961,
        1014,
        1,
        795,
        983,
        953,
        0,
        1045,
        87,
        5,
        1,
        53,
        43,
        1045,
        191,
        161,
        796,
        381,
        20,
        878,
        0,
        93,
        135,
        1012,
        1032,
        10,
        971,
        1045,
        20,
        851,
        3,
        235,
        1042,
        968,
        24,
        988,
        959,
        0,
        0,
        172,
        831,
        45,
        59,
        63,
        5,
        1036,
        0,
        982,
        14,
        29,
        427,
        2,
        758,
        45,
        823,
        11,
        850,
        93,
        6,
        12,
        1016,
        2,
        0,
        36,
        1045,
        977,
        28,
        100,
        856,
        339,
        878,
        500,
        20,
        0,
        156,
        1045,
        887,
        840,
        266,
        794,
        1043,
        802,
        351,
        1,
        1040,
        19,
        838,
        1019,
        0,
        556,
        804,
        961,
        869,
        981,
        909,
        53,
        680,
        1011,
        40,
        3,
        673,
        984,
        35,
        0,
        1,
        0,
        10,
        1,
        0,
        952,
        189,
        1013,
        1045,
        1,
        953,
        958,
        0,
        59,
        3,
        1041,
        33,
        1009,
        896,
        43,
        621,
        2,
        911,
        689,
        10,
        380,
        8,
        1006,
        0,
        105,
        0,
        797,
        0,
        608,
        994,
        1045,
        713,
        14,
        893,
        12,
        352,
        145,
        1045,
        0,
        337,
        289,
        6,
        1045,
        41,
        845,
        0,
        1045,
        244,
        790,
        1045,
        233,
        95,
        3,
        829,
        37,
        707,
        1015,
        13,
        109,
        4,
        0,
        1008,
        842,
        70,
        1000,
        14,
        122,
        1045,
        13,
        1,
        0,
        884,
        348,
        52,
        1010,
        2,
        54,
        0,
        1016,
        11,
        35,
        917,
        100,
        36,
        1045,
        1012,
        6,
        0,
        131,
        1,
        1025,
        1026,
        33,
        0,
        8,
        50,
        953,
        0,
        740,
        326,
        107,
        809,
        42,
        885,
        0,
        65,
        981,
        0,
        952,
        47,
        1045,
        0,
        0,
        156,
        237,
        763,
        386,
        101,
        21,
        31,
        4,
        26,
        0,
        497,
        1032,
        46,
        1036,
        286,
        74,
        136,
        0,
        959,
        0,
        72,
        5,
        0,
        5,
        1043,
        0,
        1045,
        179,
        0,
        104,
        341,
        1045,
        12,
        95,
        2,
        25,
        0,
        1044
    ]
}