{
    "mean_exact_match": 0.030457179993391037,
    "mean_bleu_score": 0.030749741706835244,
    "mean_rougeL_score": 0.02467837293171925,
    "mean_rouge4_score": 0.0006774905712445958,
    "mean_wer_score": 1.0128606033913234,
    "mean_cer_score": 0.6882415876310222,
    "total_validation_time": 6603.793108701706,
    "token_use_counts": [
        17,
        11,
        15523,
        0,
        15286,
        11,
        23,
        3580,
        15523,
        25,
        11,
        67,
        15411,
        15519,
        15524,
        15524,
        4769,
        13463,
        15523,
        15513,
        13,
        15507,
        5,
        1385,
        8582,
        15510,
        18,
        14726,
        158,
        5,
        15425,
        955,
        0,
        15513,
        6,
        1,
        15517,
        15463,
        15508,
        0,
        5,
        15521,
        6572,
        0,
        24,
        12120,
        3097,
        6341,
        0,
        15409,
        15519,
        7,
        14744,
        7,
        13684,
        4096,
        21,
        123,
        11,
        15517,
        21,
        4704,
        11,
        4781,
        14820,
        9,
        147,
        2982,
        15521,
        17,
        15519,
        7,
        6,
        13,
        15508,
        10,
        0,
        8002,
        14451,
        20,
        11748,
        0,
        15525,
        15517,
        6,
        7,
        15522,
        1178,
        6,
        9,
        12,
        105,
        3,
        15525,
        15509,
        15525,
        15522,
        0,
        412,
        18,
        8,
        10,
        15519,
        10,
        15520,
        15525,
        15515,
        6,
        24,
        15528,
        15518,
        0,
        15494,
        15530,
        8,
        15418,
        12,
        2631,
        4699,
        11,
        1367,
        12,
        15530,
        10,
        15314,
        10,
        15520,
        0,
        0,
        15513,
        12,
        11375,
        15530,
        6097,
        13070,
        13463,
        15521,
        28,
        15500,
        13,
        13,
        12,
        1179,
        8,
        12,
        11,
        24,
        163,
        8108,
        1,
        15397,
        15477,
        5575,
        8499,
        13894,
        15521,
        6,
        15521,
        14940,
        11,
        2,
        15500,
        15516,
        15,
        15528,
        15508,
        16,
        283,
        3747,
        15526,
        15376,
        15242,
        21,
        14,
        15405,
        16,
        12,
        0,
        3501,
        15522,
        8,
        15176,
        2,
        15519,
        15476,
        17,
        0,
        12,
        14738,
        5,
        4,
        8665,
        6,
        6267,
        9,
        2,
        9,
        0,
        15219,
        7721,
        17,
        0,
        5463,
        15519,
        199,
        15,
        15509,
        15519,
        7,
        15524,
        10,
        15524,
        15513,
        0,
        15520,
        611,
        9,
        8,
        15525,
        8,
        30,
        8,
        15524,
        15500,
        19,
        10974,
        7,
        23,
        0,
        15525,
        8,
        12,
        9,
        16,
        10,
        14947,
        6,
        13,
        0,
        15453,
        15526,
        12,
        15519,
        3044,
        15474,
        4,
        15489,
        14639,
        2,
        9,
        11188,
        14,
        73,
        52,
        12,
        11,
        0,
        129,
        14988,
        25,
        14889,
        28,
        11,
        12555,
        15524,
        15417,
        11,
        6,
        1081,
        15523,
        15504,
        19,
        5224,
        15520,
        0,
        8,
        0,
        6,
        9,
        227,
        6,
        11709,
        11,
        14924,
        15524,
        957,
        45,
        117,
        15525,
        15524,
        1869,
        15530,
        15278,
        8,
        0,
        429,
        15523,
        9,
        953,
        5,
        15516,
        127,
        9,
        8293,
        6,
        22,
        12799,
        15519,
        5776,
        0,
        12,
        10,
        15304,
        18,
        15404,
        15501,
        1381,
        8853,
        15502,
        0,
        11,
        15524,
        1763,
        20,
        1,
        0,
        0,
        14,
        15510,
        15508,
        11,
        15517,
        4875,
        258,
        22,
        15463,
        1,
        311,
        2,
        27,
        15,
        15511,
        4593,
        15249,
        15366,
        12,
        13879,
        8,
        15524,
        14703,
        8,
        2867,
        15524,
        2312,
        3571,
        12,
        0,
        11,
        15350,
        511,
        0,
        5035,
        15519,
        15510,
        7,
        15522,
        14991,
        15488,
        2009,
        0,
        15423,
        0,
        5,
        25,
        15515,
        16,
        4,
        15428,
        15518,
        0,
        11,
        0,
        15515,
        3868,
        3,
        13429,
        26,
        1147,
        3429,
        5044,
        8857,
        2,
        15525,
        263,
        1467,
        15516,
        15431,
        15520,
        0,
        15530
    ]
}