{
    "mean_exact_match": 0.46750903129577637,
    "mean_bleu_score": 0.0,
    "mean_rougeL_score": 0.4693140794223827,
    "mean_rouge4_score": 0.0,
    "mean_wer_score": 0.5324909747292419,
    "mean_cer_score": 0.5983321751216122,
    "total_validation_time": 105.66342878341675,
    "token_use_counts": [
        11,
        10,
        544,
        0,
        319,
        11,
        24,
        554,
        543,
        62,
        12,
        15,
        542,
        531,
        546,
        549,
        384,
        56,
        553,
        544,
        10,
        529,
        2,
        554,
        85,
        510,
        11,
        406,
        285,
        1,
        515,
        552,
        0,
        544,
        4,
        0,
        541,
        420,
        532,
        0,
        2,
        527,
        256,
        0,
        41,
        547,
        281,
        192,
        0,
        381,
        546,
        7,
        141,
        9,
        544,
        554,
        14,
        216,
        10,
        374,
        60,
        554,
        12,
        497,
        227,
        6,
        505,
        38,
        541,
        11,
        543,
        9,
        1,
        15,
        544,
        9,
        0,
        195,
        526,
        45,
        294,
        0,
        553,
        454,
        5,
        1,
        545,
        554,
        2,
        24,
        11,
        60,
        1,
        553,
        367,
        552,
        547,
        0,
        24,
        29,
        1,
        10,
        516,
        10,
        545,
        552,
        526,
        6,
        23,
        554,
        533,
        0,
        524,
        554,
        10,
        465,
        11,
        273,
        30,
        11,
        0,
        11,
        554,
        10,
        318,
        10,
        529,
        0,
        0,
        535,
        10,
        454,
        554,
        554,
        272,
        493,
        544,
        146,
        443,
        12,
        10,
        12,
        6,
        9,
        11,
        11,
        1,
        495,
        291,
        0,
        439,
        409,
        73,
        554,
        369,
        514,
        5,
        547,
        215,
        10,
        0,
        411,
        547,
        11,
        554,
        503,
        11,
        539,
        6,
        553,
        368,
        278,
        69,
        10,
        542,
        11,
        11,
        0,
        4,
        525,
        10,
        261,
        183,
        538,
        168,
        36,
        0,
        11,
        342,
        1,
        2,
        486,
        9,
        153,
        10,
        3,
        8,
        0,
        22,
        86,
        27,
        0,
        33,
        529,
        515,
        11,
        438,
        525,
        11,
        551,
        9,
        552,
        499,
        0,
        544,
        552,
        10,
        10,
        545,
        7,
        199,
        9,
        548,
        417,
        76,
        260,
        8,
        18,
        0,
        547,
        9,
        19,
        14,
        11,
        10,
        425,
        2,
        23,
        0,
        449,
        554,
        11,
        537,
        0,
        293,
        3,
        518,
        33,
        0,
        7,
        393,
        12,
        389,
        26,
        10,
        10,
        0,
        132,
        372,
        41,
        82,
        131,
        11,
        89,
        550,
        372,
        10,
        7,
        1,
        553,
        410,
        11,
        134,
        540,
        0,
        4,
        0,
        2,
        10,
        521,
        5,
        497,
        10,
        117,
        551,
        65,
        204,
        0,
        545,
        547,
        184,
        554,
        452,
        7,
        0,
        548,
        546,
        10,
        553,
        2,
        545,
        124,
        9,
        494,
        8,
        18,
        148,
        544,
        10,
        0,
        15,
        9,
        225,
        11,
        224,
        509,
        553,
        226,
        310,
        0,
        10,
        553,
        410,
        11,
        10,
        12,
        0,
        15,
        249,
        529,
        10,
        544,
        300,
        507,
        13,
        536,
        0,
        463,
        9,
        19,
        15,
        495,
        6,
        56,
        470,
        10,
        180,
        9,
        545,
        279,
        8,
        4,
        551,
        0,
        177,
        20,
        0,
        10,
        442,
        533,
        0,
        40,
        544,
        552,
        7,
        552,
        157,
        543,
        98,
        10,
        435,
        0,
        1,
        53,
        543,
        30,
        1,
        417,
        543,
        0,
        12,
        0,
        315,
        0,
        0,
        191,
        112,
        0,
        554,
        391,
        437,
        1,
        551,
        520,
        6,
        546,
        87,
        524,
        0,
        554
    ]
}