{
    "mean_exact_match": 0.06450381875038147,
    "mean_bleu_score": 0.28743388615291154,
    "mean_rougeL_score": 0.4914560219949292,
    "mean_rouge4_score": 0.23001123225214423,
    "mean_wer_score": 0.8991383554899065,
    "mean_cer_score": 0.7318726048455193,
    "total_validation_time": 1595.7032623291016,
    "token_use_counts": [
        16,
        16,
        2592,
        0,
        2063,
        10,
        27,
        2599,
        2599,
        42,
        17,
        300,
        2607,
        2479,
        2612,
        2612,
        2094,
        935,
        2617,
        2589,
        5,
        2610,
        9,
        1184,
        1601,
        2591,
        15,
        1886,
        221,
        3,
        2584,
        1059,
        0,
        2593,
        3,
        0,
        2595,
        2241,
        2498,
        4,
        0,
        2255,
        1814,
        0,
        24,
        2591,
        1654,
        2281,
        0,
        2573,
        2612,
        11,
        1520,
        3,
        2590,
        2487,
        16,
        1847,
        14,
        2232,
        36,
        2360,
        11,
        99,
        1734,
        4,
        515,
        1395,
        2594,
        16,
        2589,
        8,
        0,
        24,
        2600,
        8,
        0,
        966,
        2472,
        33,
        1256,
        0,
        2620,
        2355,
        18,
        32,
        2584,
        1503,
        0,
        113,
        19,
        846,
        38,
        2605,
        2523,
        2611,
        2611,
        2,
        258,
        19,
        1,
        8,
        2143,
        15,
        2611,
        2610,
        2345,
        4,
        39,
        2620,
        2535,
        0,
        2585,
        2620,
        11,
        2525,
        9,
        6,
        659,
        10,
        25,
        21,
        2620,
        12,
        1586,
        14,
        2593,
        0,
        0,
        2597,
        12,
        2515,
        2620,
        2444,
        1212,
        1332,
        2552,
        87,
        2503,
        17,
        13,
        16,
        650,
        15,
        12,
        15,
        13,
        344,
        1398,
        2,
        2109,
        2547,
        757,
        2600,
        1646,
        2494,
        8,
        2601,
        2508,
        8,
        0,
        2337,
        2612,
        17,
        2619,
        2605,
        16,
        512,
        13,
        2620,
        2567,
        1958,
        34,
        16,
        2580,
        16,
        16,
        10,
        574,
        2551,
        13,
        2036,
        674,
        2514,
        1062,
        3,
        22,
        9,
        2359,
        182,
        4,
        1972,
        8,
        1013,
        13,
        90,
        19,
        0,
        1090,
        1040,
        30,
        37,
        1301,
        2580,
        404,
        16,
        2573,
        2471,
        7,
        2610,
        18,
        2619,
        2000,
        19,
        2595,
        761,
        10,
        16,
        2612,
        6,
        107,
        8,
        2607,
        1999,
        67,
        1824,
        23,
        20,
        0,
        2613,
        8,
        21,
        20,
        16,
        20,
        2574,
        10,
        25,
        0,
        2522,
        2620,
        18,
        2585,
        70,
        2263,
        466,
        2516,
        578,
        81,
        3,
        2552,
        19,
        209,
        642,
        12,
        20,
        0,
        1043,
        1976,
        50,
        1386,
        81,
        14,
        615,
        2619,
        1579,
        8,
        10,
        512,
        2619,
        2114,
        18,
        1414,
        2443,
        16,
        19,
        0,
        1,
        10,
        372,
        2,
        2603,
        21,
        1258,
        2608,
        589,
        137,
        338,
        2610,
        2611,
        1618,
        2620,
        2560,
        18,
        0,
        607,
        2606,
        9,
        1003,
        0,
        2609,
        1809,
        9,
        2574,
        6,
        20,
        823,
        2607,
        850,
        74,
        22,
        9,
        489,
        16,
        1900,
        1899,
        1020,
        1105,
        2519,
        1,
        8,
        2612,
        2307,
        16,
        64,
        131,
        5,
        20,
        2020,
        2568,
        16,
        2467,
        2080,
        331,
        16,
        2548,
        7,
        503,
        9,
        20,
        16,
        2495,
        70,
        1304,
        2248,
        12,
        857,
        7,
        2616,
        1784,
        9,
        136,
        2614,
        3,
        1250,
        16,
        12,
        15,
        2544,
        384,
        0,
        732,
        2609,
        2609,
        3,
        2619,
        769,
        2603,
        933,
        46,
        1710,
        0,
        0,
        37,
        2590,
        35,
        0,
        1543,
        2620,
        1,
        20,
        4,
        2225,
        206,
        24,
        391,
        107,
        69,
        1873,
        2322,
        2455,
        0,
        2620,
        423,
        120,
        2605,
        1934,
        2463,
        0,
        2620
    ]
}