{
    "mean_exact_match": 0.5515267252922058,
    "mean_bleu_score": 0.901326790504204,
    "mean_rougeL_score": 0.9457368342859258,
    "mean_rouge4_score": 0.8482339996348507,
    "mean_wer_score": 0.06725502130249543,
    "mean_cer_score": 0.04403422234559729,
    "total_validation_time": 1524.5487699508667,
    "token_use_counts": [
        16,
        18,
        2593,
        0,
        2109,
        9,
        26,
        2596,
        2597,
        42,
        18,
        307,
        2607,
        2484,
        2611,
        2610,
        2133,
        1042,
        2619,
        2589,
        5,
        2609,
        7,
        1233,
        1697,
        2588,
        15,
        1965,
        274,
        2,
        2589,
        1078,
        0,
        2595,
        2,
        0,
        2594,
        2216,
        2521,
        2,
        0,
        2268,
        1872,
        0,
        23,
        2595,
        1699,
        2279,
        0,
        2582,
        2610,
        11,
        1609,
        5,
        2585,
        2475,
        16,
        1872,
        14,
        2234,
        36,
        2369,
        11,
        99,
        1774,
        5,
        516,
        1455,
        2594,
        16,
        2592,
        9,
        0,
        23,
        2602,
        8,
        0,
        1042,
        2477,
        34,
        1323,
        0,
        2620,
        2382,
        18,
        25,
        2591,
        1505,
        0,
        128,
        19,
        956,
        40,
        2605,
        2538,
        2611,
        2610,
        1,
        358,
        19,
        1,
        8,
        2169,
        14,
        2610,
        2607,
        2371,
        4,
        39,
        2620,
        2545,
        0,
        2594,
        2620,
        11,
        2539,
        8,
        6,
        751,
        10,
        30,
        22,
        2620,
        13,
        1657,
        14,
        2597,
        0,
        0,
        2594,
        11,
        2519,
        2620,
        2441,
        1287,
        1397,
        2564,
        89,
        2510,
        16,
        13,
        15,
        741,
        15,
        12,
        15,
        17,
        344,
        1462,
        3,
        2109,
        2555,
        841,
        2600,
        1670,
        2506,
        7,
        2602,
        2488,
        8,
        0,
        2337,
        2614,
        16,
        2619,
        2602,
        16,
        515,
        21,
        2620,
        2573,
        1957,
        35,
        16,
        2580,
        16,
        16,
        22,
        645,
        2548,
        13,
        2036,
        727,
        2510,
        1132,
        2,
        22,
        9,
        2349,
        187,
        3,
        1951,
        8,
        1066,
        13,
        79,
        18,
        0,
        1118,
        1071,
        30,
        36,
        1295,
        2578,
        408,
        16,
        2570,
        2467,
        7,
        2612,
        17,
        2619,
        1957,
        20,
        2588,
        756,
        11,
        16,
        2613,
        6,
        107,
        8,
        2608,
        1973,
        65,
        1771,
        22,
        20,
        0,
        2612,
        9,
        21,
        21,
        16,
        21,
        2574,
        12,
        25,
        0,
        2512,
        2620,
        19,
        2583,
        89,
        2218,
        474,
        2508,
        590,
        71,
        2,
        2519,
        17,
        209,
        630,
        12,
        20,
        0,
        1063,
        1911,
        48,
        1330,
        74,
        14,
        671,
        2618,
        1532,
        8,
        10,
        499,
        2617,
        2076,
        18,
        1391,
        2429,
        16,
        19,
        0,
        2,
        10,
        376,
        2,
        2602,
        20,
        1206,
        2609,
        592,
        137,
        321,
        2611,
        2612,
        1533,
        2620,
        2499,
        17,
        0,
        599,
        2608,
        9,
        981,
        0,
        2611,
        1774,
        9,
        2545,
        5,
        20,
        763,
        2610,
        817,
        77,
        21,
        9,
        502,
        16,
        1843,
        1829,
        991,
        1045,
        2501,
        4,
        9,
        2612,
        2221,
        16,
        70,
        138,
        5,
        20,
        1993,
        2576,
        16,
        2452,
        2006,
        334,
        16,
        2533,
        9,
        492,
        12,
        20,
        16,
        2487,
        76,
        1216,
        2224,
        12,
        774,
        7,
        2614,
        1696,
        10,
        133,
        2615,
        0,
        1191,
        16,
        11,
        16,
        2530,
        385,
        0,
        676,
        2610,
        2609,
        3,
        2620,
        691,
        2604,
        909,
        47,
        1626,
        0,
        0,
        38,
        2588,
        35,
        0,
        1437,
        2620,
        1,
        20,
        1,
        2172,
        185,
        19,
        375,
        106,
        69,
        1854,
        2256,
        2448,
        0,
        2620,
        417,
        109,
        2608,
        1851,
        2463,
        1,
        2620
    ]
}