{
    "mean_exact_match": 0.8916274309158325,
    "mean_bleu_score": 0.0,
    "mean_rougeL_score": 0.8916806253489671,
    "mean_rouge4_score": 0.0,
    "mean_wer_score": 0.10837255058360586,
    "mean_cer_score": 0.13710329277631242,
    "total_validation_time": 11302.525547027588,
    "token_use_counts": [
        27837,
        24499,
        12080,
        0,
        6502,
        27868,
        32217,
        37611,
        13062,
        35827,
        28491,
        4483,
        14832,
        7533,
        15137,
        19044,
        9265,
        4487,
        31478,
        13316,
        24672,
        10556,
        7840,
        37611,
        1719,
        6565,
        28195,
        8113,
        12669,
        9669,
        7083,
        37611,
        0,
        10586,
        17718,
        405,
        9824,
        2370,
        8404,
        2,
        14499,
        8426,
        7482,
        0,
        34083,
        16341,
        5299,
        4922,
        14,
        2183,
        15695,
        21462,
        2050,
        21999,
        12566,
        37611,
        28744,
        10223,
        25445,
        415,
        35634,
        37611,
        29068,
        37438,
        4271,
        20573,
        37611,
        3349,
        8869,
        27292,
        12656,
        22644,
        12454,
        29568,
        12530,
        23408,
        0,
        5553,
        7450,
        34962,
        2645,
        0,
        30195,
        8077,
        20140,
        153,
        11645,
        37611,
        14667,
        3326,
        28117,
        5340,
        4769,
        26782,
        714,
        21693,
        17830,
        1,
        1764,
        33089,
        11024,
        25179,
        8408,
        26281,
        13960,
        29015,
        6192,
        20890,
        31409,
        37207,
        5965,
        0,
        6382,
        37611,
        24371,
        5474,
        26807,
        19887,
        767,
        27462,
        1,
        27359,
        37611,
        25908,
        4961,
        24270,
        5655,
        0,
        0,
        9188,
        25305,
        4511,
        37611,
        37611,
        3553,
        19798,
        12815,
        37166,
        2427,
        29382,
        26502,
        28122,
        375,
        23832,
        28175,
        27414,
        331,
        37606,
        6365,
        4,
        3841,
        3949,
        15,
        37611,
        7011,
        3811,
        19940,
        17063,
        1680,
        25186,
        0,
        6820,
        19023,
        27430,
        37355,
        4555,
        26927,
        37611,
        0,
        32201,
        3721,
        2719,
        36012,
        26631,
        11862,
        26925,
        27978,
        0,
        195,
        9496,
        25137,
        845,
        13806,
        9456,
        0,
        33640,
        0,
        27344,
        3818,
        1232,
        15448,
        5645,
        22902,
        3452,
        23889,
        2015,
        19304,
        7,
        4,
        2446,
        33166,
        94,
        133,
        5816,
        37610,
        27588,
        3212,
        6335,
        26649,
        18768,
        22500,
        22884,
        4990,
        0,
        13048,
        37611,
        25692,
        26126,
        14926,
        21418,
        37367,
        21918,
        18423,
        730,
        36623,
        9433,
        21294,
        30157,
        0,
        17553,
        22703,
        30993,
        29643,
        26968,
        23869,
        7904,
        14752,
        31836,
        222,
        3878,
        36378,
        27702,
        8479,
        11,
        1515,
        594,
        5241,
        15,
        2,
        19896,
        10617,
        28241,
        37579,
        2308,
        25840,
        23567,
        0,
        8267,
        1518,
        34448,
        17,
        36820,
        27489,
        17,
        19835,
        239,
        25838,
        20254,
        920,
        28006,
        1125,
        27935,
        266,
        10265,
        7,
        18487,
        0,
        14312,
        22032,
        37610,
        19484,
        10737,
        27245,
        1946,
        21153,
        13822,
        37374,
        42,
        14759,
        16067,
        5495,
        37611,
        9291,
        20976,
        0,
        37611,
        16378,
        23627,
        37611,
        60,
        14961,
        7131,
        23727,
        9117,
        20273,
        29964,
        917,
        13695,
        28,
        9,
        29434,
        24044,
        1342,
        28142,
        1125,
        6846,
        37611,
        4927,
        947,
        0,
        25626,
        24559,
        5652,
        28426,
        1377,
        1455,
        0,
        30070,
        34,
        6551,
        26877,
        12658,
        8589,
        37607,
        28590,
        10077,
        0,
        15430,
        4677,
        30645,
        29208,
        1801,
        6,
        52,
        3875,
        25746,
        502,
        21746,
        15083,
        3178,
        23022,
        457,
        19423,
        0,
        4595,
        31242,
        435,
        26461,
        5321,
        37609,
        0,
        143,
        13586,
        23748,
        20794,
        21831,
        1259,
        12084,
        5536,
        1509,
        3915,
        0,
        8886,
        35028,
        10082,
        32906,
        6991,
        2038,
        11080,
        0,
        28320,
        0,
        329,
        55,
        0,
        104,
        37077,
        0,
        37611,
        13558,
        5695,
        5978,
        22197,
        37610,
        7,
        16071,
        13,
        7147,
        0,
        37611
    ]
}