{
    "mean_exact_match": 0.0,
    "mean_bleu_score": 0.13199869960250893,
    "mean_rougeL_score": 0.3598070000691679,
    "mean_rouge4_score": 0.010983774854172831,
    "mean_wer_score": 0.9785161129153135,
    "mean_cer_score": 0.7669987818971171,
    "total_validation_time": 499.16081523895264,
    "token_use_counts": [
        1041,
        1045,
        14,
        1045,
        13,
        13,
        1045,
        1041,
        1045,
        1045,
        12,
        1041,
        1041,
        12,
        12,
        1041,
        1041,
        12,
        11,
        10,
        1045,
        10,
        1045,
        10,
        10,
        1041,
        10,
        1040,
        1045,
        10,
        10,
        10,
        9,
        7,
        1045,
        7,
        8,
        7,
        7,
        7,
        1040,
        1040,
        7,
        7,
        1040,
        7,
        7,
        7,
        1045,
        1045,
        7,
        1045,
        7,
        1040,
        7,
        7,
        6,
        1040,
        1045,
        1040,
        6,
        5,
        5,
        1045,
        5,
        1040,
        1045,
        1039,
        1045,
        1045,
        1039,
        1038,
        1045,
        1045,
        5,
        4,
        1038,
        5,
        1038,
        1045,
        1038,
        1045,
        4,
        4,
        1045,
        5,
        5,
        1038,
        5,
        4,
        4,
        1038,
        1045,
        1038,
        1045,
        1045,
        1038,
        1038,
        1045,
        4,
        1045,
        1045,
        1038,
        1045,
        4,
        0,
        1038,
        1045,
        1045,
        1038,
        0,
        0,
        1045,
        1045,
        1045,
        0,
        1045,
        1045,
        0,
        1038,
        0,
        1038,
        1045,
        1037,
        1036,
        0,
        1035,
        1035,
        0,
        1035,
        1035,
        0,
        1035,
        1045,
        1035,
        1035,
        0,
        0,
        1045,
        1035,
        1045,
        1034,
        0,
        0,
        1045,
        1045,
        1045,
        1033,
        0,
        1045,
        1033,
        1045,
        0,
        0,
        1033,
        1033,
        0,
        0,
        0,
        1032,
        1045,
        0,
        1032,
        1045,
        1031,
        0,
        0,
        1045,
        0,
        0,
        1045,
        0,
        1045,
        1045,
        0,
        0,
        0,
        1045,
        0,
        1045,
        0,
        0,
        0,
        0,
        0,
        1045,
        0,
        1045,
        0,
        1045,
        0,
        0,
        0,
        0,
        1045,
        0,
        1045,
        1045,
        1045,
        0,
        0,
        0,
        1045,
        0,
        0,
        0,
        0,
        1045,
        0,
        0,
        1045,
        0,
        0,
        0,
        0,
        0,
        1045,
        0,
        0,
        0,
        0,
        0,
        1045,
        0,
        1045,
        0,
        0,
        0,
        0,
        0,
        1045,
        1045,
        1045,
        0,
        1045,
        0,
        0,
        0,
        0,
        0,
        0,
        1045,
        0,
        0,
        0,
        0,
        0,
        0,
        0,
        1045,
        0,
        1045,
        0,
        0,
        0,
        1045,
        0,
        0,
        0,
        0,
        0,
        1045,
        1045,
        0,
        0,
        0,
        1045,
        1045,
        0,
        0,
        0,
        0,
        0,
        0,
        0,
        1045,
        0,
        1045,
        0,
        1045,
        1045,
        0,
        0,
        0,
        0,
        0,
        0,
        0,
        0,
        0,
        0,
        1045,
        0,
        1045,
        0,
        1045,
        0,
        0,
        0,
        0,
        1045,
        0,
        0,
        0,
        1045,
        0,
        0,
        0,
        1045,
        0,
        0,
        1045,
        0,
        0,
        0,
        1045,
        0,
        0,
        1045,
        0,
        0,
        0,
        0,
        0,
        0,
        0,
        0,
        1045,
        0,
        0,
        1045,
        0,
        0,
        1045,
        1045,
        0,
        1045,
        0,
        1045,
        0,
        1045,
        0,
        0,
        1045,
        0,
        0,
        0,
        1045,
        0,
        0,
        1045,
        0,
        0,
        0,
        0,
        0,
        0,
        1045,
        0,
        0,
        0,
        1045,
        0,
        0,
        1045,
        0,
        0,
        0,
        0,
        0,
        0,
        0,
        1045,
        1045,
        0,
        1045,
        0,
        0,
        0,
        0,
        0,
        0,
        1045,
        0,
        0,
        0,
        1045,
        0,
        0,
        0,
        1045,
        0,
        0,
        0,
        0,
        0,
        1045,
        0,
        0,
        0
    ]
}