{
    "mean_exact_match": 0.03380553796887398,
    "mean_bleu_score": 0.03214137781314178,
    "mean_rougeL_score": 0.031092705230664052,
    "mean_rouge4_score": 0.0009365385991271375,
    "mean_wer_score": 1.011759524333847,
    "mean_cer_score": 0.6736330654567979,
    "total_validation_time": 6519.7533230781555,
    "token_use_counts": [
        15529,
        15530,
        190,
        15530,
        161,
        119,
        15530,
        15529,
        15530,
        15530,
        112,
        15529,
        15529,
        92,
        86,
        15529,
        15529,
        70,
        64,
        54,
        15530,
        40,
        15530,
        38,
        31,
        15529,
        26,
        15529,
        15530,
        26,
        18,
        17,
        16,
        13,
        15530,
        13,
        10,
        11,
        9,
        6,
        15529,
        15529,
        5,
        5,
        15529,
        5,
        5,
        5,
        15530,
        15530,
        5,
        15530,
        5,
        15529,
        4,
        4,
        3,
        15529,
        15530,
        15528,
        2,
        2,
        2,
        15530,
        1,
        15528,
        15530,
        15528,
        15530,
        15530,
        15527,
        15526,
        15530,
        15530,
        1,
        1,
        15526,
        1,
        15525,
        15530,
        15525,
        15530,
        1,
        1,
        15530,
        1,
        1,
        15525,
        1,
        1,
        1,
        15525,
        15530,
        15525,
        15530,
        15530,
        15525,
        15525,
        15530,
        1,
        15530,
        15530,
        15524,
        15530,
        1,
        0,
        15521,
        15530,
        15530,
        15520,
        0,
        0,
        15530,
        15530,
        15530,
        0,
        15530,
        15530,
        0,
        15519,
        0,
        15517,
        15530,
        15517,
        15514,
        0,
        15513,
        15512,
        0,
        15504,
        15504,
        0,
        15499,
        15530,
        15492,
        15488,
        0,
        0,
        15530,
        15473,
        15530,
        15465,
        0,
        0,
        15530,
        15530,
        15530,
        15457,
        0,
        15530,
        15449,
        15530,
        0,
        0,
        15432,
        15417,
        0,
        0,
        0,
        15397,
        15530,
        0,
        15394,
        15530,
        15339,
        0,
        0,
        15530,
        0,
        0,
        15530,
        0,
        15530,
        15530,
        0,
        0,
        0,
        15530,
        0,
        15530,
        0,
        0,
        0,
        0,
        0,
        15530,
        0,
        15530,
        0,
        15530,
        1,
        0,
        0,
        0,
        15530,
        0,
        15530,
        15530,
        15530,
        0,
        0,
        0,
        15530,
        0,
        0,
        0,
        0,
        15530,
        0,
        0,
        15530,
        0,
        0,
        0,
        0,
        0,
        15530,
        0,
        0,
        0,
        0,
        0,
        15530,
        0,
        15530,
        0,
        0,
        0,
        0,
        0,
        15530,
        15530,
        15530,
        0,
        15530,
        0,
        0,
        0,
        0,
        0,
        0,
        15530,
        0,
        0,
        0,
        0,
        0,
        0,
        0,
        15530,
        0,
        15530,
        0,
        0,
        0,
        15530,
        0,
        0,
        0,
        0,
        0,
        15530,
        15530,
        0,
        0,
        0,
        15530,
        15530,
        0,
        0,
        0,
        0,
        0,
        0,
        0,
        15530,
        0,
        15530,
        0,
        15530,
        15530,
        0,
        0,
        0,
        0,
        0,
        0,
        0,
        0,
        0,
        0,
        15530,
        0,
        15530,
        0,
        15530,
        0,
        0,
        0,
        0,
        15530,
        0,
        0,
        0,
        15530,
        0,
        0,
        0,
        15530,
        0,
        0,
        15530,
        0,
        0,
        0,
        15530,
        0,
        0,
        15530,
        0,
        0,
        0,
        0,
        0,
        0,
        0,
        0,
        15530,
        0,
        0,
        15530,
        0,
        0,
        15530,
        15530,
        0,
        15530,
        0,
        15530,
        0,
        15530,
        0,
        0,
        15530,
        0,
        0,
        0,
        15530,
        0,
        0,
        15530,
        0,
        0,
        0,
        0,
        0,
        0,
        15530,
        0,
        0,
        0,
        15530,
        0,
        0,
        15530,
        0,
        0,
        0,
        0,
        0,
        0,
        0,
        15530,
        15530,
        0,
        15530,
        0,
        0,
        0,
        0,
        0,
        0,
        15530,
        0,
        0,
        0,
        15530,
        0,
        0,
        0,
        15530,
        0,
        0,
        0,
        0,
        0,
        15530,
        0,
        0,
        0
    ]
}