{
    "mean_exact_match": 0.5722021460533142,
    "mean_bleu_score": 0.0,
    "mean_rougeL_score": 0.5740072202166066,
    "mean_rouge4_score": 0.0,
    "mean_wer_score": 0.427797833935018,
    "mean_cer_score": 0.46594857539958306,
    "total_validation_time": 108.13334012031555,
    "token_use_counts": [
        538,
        554,
        284,
        554,
        267,
        241,
        554,
        538,
        554,
        554,
        234,
        537,
        537,
        221,
        218,
        537,
        537,
        194,
        186,
        176,
        554,
        164,
        554,
        159,
        149,
        534,
        131,
        533,
        554,
        127,
        116,
        111,
        107,
        94,
        554,
        89,
        86,
        84,
        80,
        74,
        533,
        531,
        72,
        69,
        528,
        65,
        57,
        56,
        554,
        554,
        50,
        554,
        49,
        527,
        47,
        46,
        45,
        526,
        554,
        524,
        43,
        41,
        30,
        554,
        28,
        513,
        554,
        511,
        554,
        554,
        509,
        508,
        554,
        554,
        27,
        26,
        507,
        23,
        505,
        554,
        504,
        554,
        21,
        21,
        554,
        20,
        17,
        498,
        17,
        17,
        17,
        497,
        554,
        489,
        554,
        554,
        485,
        482,
        554,
        16,
        554,
        554,
        480,
        554,
        16,
        0,
        474,
        554,
        554,
        470,
        0,
        0,
        554,
        554,
        554,
        0,
        554,
        554,
        0,
        468,
        0,
        464,
        554,
        461,
        447,
        0,
        442,
        439,
        0,
        427,
        423,
        0,
        405,
        554,
        390,
        388,
        0,
        0,
        554,
        369,
        554,
        370,
        0,
        0,
        554,
        554,
        554,
        355,
        0,
        554,
        346,
        554,
        0,
        0,
        329,
        317,
        0,
        0,
        0,
        304,
        554,
        0,
        312,
        554,
        269,
        0,
        0,
        554,
        1,
        0,
        554,
        0,
        554,
        554,
        0,
        0,
        0,
        554,
        0,
        554,
        0,
        0,
        0,
        0,
        0,
        554,
        0,
        554,
        0,
        554,
        0,
        0,
        0,
        0,
        554,
        0,
        554,
        554,
        554,
        0,
        0,
        0,
        554,
        0,
        0,
        0,
        0,
        554,
        0,
        0,
        554,
        0,
        0,
        0,
        0,
        0,
        554,
        0,
        0,
        0,
        0,
        0,
        554,
        0,
        554,
        0,
        0,
        0,
        0,
        0,
        554,
        554,
        554,
        0,
        554,
        0,
        0,
        0,
        0,
        0,
        0,
        554,
        0,
        0,
        0,
        0,
        0,
        0,
        0,
        554,
        0,
        554,
        0,
        0,
        0,
        554,
        0,
        0,
        0,
        0,
        0,
        554,
        554,
        0,
        0,
        0,
        554,
        554,
        0,
        0,
        0,
        0,
        0,
        0,
        0,
        554,
        0,
        554,
        0,
        554,
        554,
        0,
        0,
        0,
        0,
        0,
        0,
        0,
        0,
        0,
        0,
        554,
        0,
        554,
        0,
        554,
        0,
        0,
        0,
        0,
        554,
        0,
        0,
        0,
        554,
        0,
        0,
        0,
        554,
        0,
        0,
        554,
        0,
        0,
        0,
        554,
        0,
        0,
        554,
        0,
        0,
        0,
        0,
        0,
        0,
        0,
        0,
        554,
        0,
        0,
        554,
        0,
        0,
        554,
        554,
        0,
        554,
        0,
        554,
        0,
        554,
        0,
        0,
        554,
        0,
        0,
        0,
        554,
        0,
        0,
        554,
        0,
        0,
        0,
        0,
        0,
        0,
        554,
        0,
        0,
        0,
        554,
        0,
        0,
        554,
        0,
        0,
        0,
        0,
        0,
        0,
        0,
        554,
        554,
        0,
        554,
        0,
        0,
        0,
        0,
        0,
        0,
        554,
        0,
        0,
        0,
        554,
        0,
        0,
        0,
        554,
        0,
        0,
        0,
        0,
        0,
        554,
        0,
        0,
        0
    ]
}