{
    "mean_exact_match": 0.06641221046447754,
    "mean_bleu_score": 0.2825704131948628,
    "mean_rougeL_score": 0.4956672860887524,
    "mean_rouge4_score": 0.23723832195919942,
    "mean_wer_score": 0.9273756770064008,
    "mean_cer_score": 0.7522419728495031,
    "total_validation_time": 1561.5126700401306,
    "token_use_counts": [
        1766,
        2620,
        2195,
        2620,
        2152,
        2089,
        2620,
        1759,
        2620,
        2620,
        2069,
        1743,
        1739,
        2023,
        2002,
        1731,
        1726,
        1945,
        1910,
        1873,
        2620,
        1809,
        2620,
        1784,
        1728,
        1712,
        1651,
        1689,
        2620,
        1633,
        1556,
        1532,
        1504,
        1447,
        2620,
        1440,
        1382,
        1400,
        1375,
        1328,
        1693,
        1675,
        1311,
        1295,
        1663,
        1271,
        1246,
        1226,
        2620,
        2620,
        1205,
        2620,
        1200,
        1658,
        1178,
        1168,
        1151,
        1628,
        2620,
        1623,
        1147,
        1128,
        1010,
        2620,
        979,
        1492,
        2620,
        1473,
        2620,
        2620,
        1469,
        1452,
        2620,
        2620,
        964,
        957,
        1442,
        940,
        1420,
        2620,
        1415,
        2620,
        934,
        928,
        2620,
        906,
        893,
        1394,
        889,
        883,
        877,
        1374,
        2620,
        1349,
        2620,
        2620,
        1325,
        1309,
        2620,
        861,
        2620,
        2620,
        1292,
        2620,
        854,
        0,
        1248,
        2620,
        2620,
        1236,
        0,
        0,
        2620,
        2620,
        2620,
        0,
        2620,
        2620,
        0,
        1219,
        0,
        1179,
        2620,
        1174,
        1116,
        0,
        1085,
        1067,
        0,
        986,
        968,
        0,
        892,
        2620,
        808,
        792,
        0,
        0,
        2620,
        723,
        2620,
        699,
        0,
        0,
        2620,
        2620,
        2620,
        657,
        0,
        2620,
        657,
        2620,
        0,
        0,
        594,
        555,
        0,
        0,
        0,
        516,
        2620,
        0,
        543,
        2620,
        414,
        0,
        0,
        2620,
        4,
        0,
        2620,
        0,
        2620,
        2620,
        0,
        0,
        0,
        2620,
        0,
        2620,
        5,
        0,
        0,
        0,
        0,
        2620,
        0,
        2620,
        4,
        2620,
        0,
        0,
        0,
        0,
        2620,
        0,
        2620,
        2620,
        2620,
        0,
        0,
        0,
        2620,
        0,
        0,
        0,
        0,
        2620,
        0,
        0,
        2620,
        0,
        0,
        0,
        0,
        0,
        2620,
        0,
        0,
        0,
        0,
        0,
        2620,
        0,
        2620,
        0,
        0,
        0,
        0,
        0,
        2620,
        2620,
        2620,
        0,
        2620,
        0,
        0,
        0,
        0,
        0,
        0,
        2620,
        0,
        0,
        0,
        0,
        0,
        0,
        0,
        2620,
        0,
        2620,
        0,
        0,
        0,
        2620,
        0,
        0,
        0,
        0,
        0,
        2620,
        2620,
        0,
        0,
        0,
        2620,
        2620,
        0,
        0,
        0,
        0,
        0,
        0,
        0,
        2620,
        0,
        2620,
        0,
        2620,
        2620,
        0,
        0,
        0,
        0,
        0,
        0,
        0,
        0,
        0,
        0,
        2620,
        0,
        2620,
        0,
        2620,
        0,
        0,
        0,
        0,
        2620,
        0,
        0,
        0,
        2620,
        0,
        0,
        0,
        2620,
        0,
        0,
        2620,
        0,
        0,
        0,
        2620,
        0,
        0,
        2620,
        0,
        0,
        0,
        0,
        0,
        0,
        0,
        0,
        2620,
        0,
        0,
        2620,
        0,
        0,
        2620,
        2620,
        0,
        2620,
        0,
        2620,
        0,
        2620,
        0,
        0,
        2620,
        0,
        0,
        0,
        2620,
        0,
        0,
        2620,
        0,
        0,
        0,
        0,
        0,
        0,
        2620,
        0,
        0,
        0,
        2620,
        0,
        0,
        2620,
        0,
        0,
        0,
        0,
        0,
        0,
        0,
        2620,
        2620,
        0,
        2620,
        0,
        0,
        0,
        0,
        0,
        0,
        2620,
        0,
        0,
        0,
        2620,
        0,
        0,
        0,
        2620,
        0,
        0,
        0,
        0,
        0,
        2620,
        0,
        0,
        0
    ]
}