{
    "mean_exact_match": 0.5679389238357544,
    "mean_bleu_score": 0.917452690973054,
    "mean_rougeL_score": 0.9560612744793264,
    "mean_rouge4_score": 0.8619131349789094,
    "mean_wer_score": 0.04625684723067559,
    "mean_cer_score": 0.023648865068010505,
    "total_validation_time": 1547.7962398529053,
    "token_use_counts": [
        1767,
        2620,
        2195,
        2620,
        2152,
        2089,
        2620,
        1759,
        2620,
        2620,
        2070,
        1742,
        1738,
        2021,
        2003,
        1729,
        1725,
        1943,
        1910,
        1874,
        2620,
        1810,
        2620,
        1783,
        1727,
        1712,
        1649,
        1691,
        2620,
        1633,
        1557,
        1533,
        1504,
        1447,
        2620,
        1439,
        1384,
        1402,
        1376,
        1331,
        1691,
        1675,
        1311,
        1294,
        1665,
        1271,
        1248,
        1224,
        2620,
        2620,
        1204,
        2620,
        1200,
        1657,
        1180,
        1170,
        1151,
        1626,
        2620,
        1622,
        1146,
        1128,
        1010,
        2620,
        980,
        1492,
        2620,
        1474,
        2620,
        2620,
        1469,
        1450,
        2620,
        2620,
        967,
        956,
        1440,
        939,
        1420,
        2620,
        1416,
        2620,
        932,
        929,
        2620,
        907,
        894,
        1396,
        891,
        884,
        878,
        1372,
        2620,
        1349,
        2620,
        2620,
        1326,
        1309,
        2620,
        861,
        2620,
        2620,
        1289,
        2620,
        853,
        0,
        1247,
        2620,
        2620,
        1234,
        0,
        0,
        2620,
        2620,
        2620,
        0,
        2620,
        2620,
        0,
        1217,
        0,
        1180,
        2620,
        1174,
        1116,
        0,
        1084,
        1066,
        0,
        986,
        970,
        0,
        892,
        2620,
        806,
        791,
        0,
        0,
        2620,
        722,
        2620,
        698,
        0,
        0,
        2620,
        2620,
        2620,
        656,
        0,
        2620,
        657,
        2620,
        0,
        0,
        596,
        557,
        0,
        0,
        0,
        514,
        2620,
        0,
        550,
        2620,
        413,
        0,
        0,
        2620,
        6,
        0,
        2620,
        0,
        2620,
        2620,
        0,
        0,
        0,
        2620,
        0,
        2620,
        5,
        0,
        0,
        0,
        0,
        2620,
        0,
        2620,
        2,
        2620,
        0,
        0,
        0,
        0,
        2620,
        0,
        2620,
        2620,
        2620,
        0,
        0,
        0,
        2620,
        0,
        0,
        0,
        0,
        2620,
        0,
        0,
        2620,
        0,
        0,
        0,
        0,
        0,
        2620,
        0,
        0,
        0,
        0,
        0,
        2620,
        0,
        2620,
        0,
        0,
        0,
        0,
        0,
        2620,
        2620,
        2620,
        0,
        2620,
        0,
        0,
        0,
        0,
        0,
        0,
        2620,
        0,
        0,
        0,
        0,
        0,
        0,
        0,
        2620,
        0,
        2620,
        0,
        0,
        0,
        2620,
        0,
        0,
        0,
        0,
        0,
        2620,
        2620,
        0,
        0,
        0,
        2620,
        2620,
        0,
        0,
        0,
        0,
        0,
        0,
        0,
        2620,
        0,
        2620,
        0,
        2620,
        2620,
        0,
        0,
        0,
        0,
        0,
        0,
        0,
        0,
        0,
        0,
        2620,
        0,
        2620,
        0,
        2620,
        0,
        0,
        0,
        0,
        2620,
        0,
        0,
        0,
        2620,
        0,
        0,
        0,
        2620,
        0,
        0,
        2620,
        0,
        0,
        0,
        2620,
        0,
        0,
        2620,
        0,
        0,
        0,
        0,
        0,
        0,
        0,
        0,
        2620,
        0,
        0,
        2620,
        0,
        0,
        2620,
        2620,
        0,
        2620,
        0,
        2620,
        0,
        2620,
        0,
        0,
        2620,
        0,
        0,
        0,
        2620,
        0,
        0,
        2620,
        0,
        0,
        0,
        0,
        0,
        0,
        2620,
        0,
        0,
        0,
        2620,
        0,
        0,
        2620,
        0,
        0,
        0,
        0,
        0,
        0,
        0,
        2620,
        2620,
        0,
        2620,
        0,
        0,
        0,
        0,
        0,
        0,
        2620,
        0,
        0,
        0,
        2620,
        0,
        0,
        0,
        2620,
        0,
        0,
        0,
        0,
        0,
        2620,
        0,
        0,
        0
    ]
}