{
    "mean_exact_match": 0.8935683965682983,
    "mean_bleu_score": 0.0,
    "mean_rougeL_score": 0.8938061389920775,
    "mean_rouge4_score": 0.0,
    "mean_wer_score": 0.20557815532689905,
    "mean_cer_score": 0.30247596358376583,
    "total_validation_time": 24295.40685224533,
    "token_use_counts": [
        27139,
        37611,
        37611,
        37611,
        37610,
        37609,
        37611,
        27001,
        37611,
        37611,
        37608,
        25717,
        25498,
        37607,
        37604,
        24219,
        23906,
        37598,
        37592,
        37578,
        37611,
        37558,
        37611,
        37543,
        37501,
        22795,
        37414,
        22062,
        37611,
        37356,
        37189,
        37096,
        36942,
        36534,
        37611,
        36409,
        36145,
        36050,
        35724,
        35325,
        21482,
        20593,
        34975,
        34420,
        19164,
        33816,
        32691,
        32190,
        37611,
        37611,
        31202,
        37611,
        30965,
        17602,
        30043,
        29760,
        29182,
        16319,
        37611,
        15265,
        28391,
        27034,
        22379,
        37611,
        21259,
        10577,
        37611,
        9220,
        37611,
        37611,
        8429,
        7899,
        37611,
        37611,
        20009,
        18447,
        7520,
        17017,
        6648,
        37611,
        6407,
        37611,
        16116,
        15545,
        37611,
        14831,
        13707,
        5421,
        13393,
        12082,
        11925,
        4920,
        37611,
        3795,
        37611,
        37611,
        3191,
        2636,
        37611,
        10819,
        37611,
        37611,
        2286,
        37611,
        10263,
        0,
        1887,
        37611,
        37611,
        1563,
        0,
        0,
        37611,
        37611,
        37611,
        0,
        37611,
        37611,
        0,
        1464,
        0,
        1195,
        37611,
        1084,
        669,
        0,
        513,
        424,
        0,
        255,
        197,
        0,
        110,
        37611,
        66,
        53,
        0,
        0,
        37611,
        29,
        37611,
        23,
        0,
        0,
        37611,
        37611,
        37611,
        13,
        0,
        37611,
        9,
        37611,
        0,
        0,
        3,
        3,
        0,
        0,
        0,
        1,
        37611,
        0,
        3,
        37611,
        0,
        0,
        0,
        37611,
        0,
        0,
        37611,
        0,
        37611,
        37611,
        0,
        0,
        0,
        37611,
        0,
        37611,
        0,
        0,
        0,
        0,
        0,
        37611,
        0,
        37611,
        0,
        37611,
        0,
        0,
        0,
        0,
        37611,
        0,
        37611,
        37611,
        37611,
        0,
        0,
        0,
        37611,
        0,
        0,
        0,
        0,
        37611,
        0,
        0,
        37611,
        0,
        0,
        0,
        0,
        0,
        37611,
        0,
        0,
        0,
        0,
        0,
        37611,
        0,
        37611,
        0,
        0,
        0,
        0,
        0,
        37611,
        37611,
        37611,
        0,
        37611,
        0,
        0,
        0,
        0,
        0,
        0,
        37611,
        0,
        0,
        0,
        0,
        0,
        0,
        0,
        37611,
        0,
        37611,
        0,
        0,
        0,
        37611,
        0,
        0,
        0,
        0,
        0,
        37611,
        37611,
        0,
        0,
        0,
        37611,
        37611,
        0,
        0,
        0,
        0,
        0,
        0,
        0,
        37611,
        0,
        37611,
        0,
        37611,
        37611,
        0,
        0,
        0,
        0,
        0,
        0,
        0,
        0,
        0,
        0,
        37611,
        0,
        37611,
        0,
        37611,
        0,
        0,
        0,
        0,
        37611,
        0,
        0,
        0,
        37611,
        0,
        0,
        0,
        37611,
        0,
        0,
        37611,
        0,
        0,
        0,
        37611,
        0,
        0,
        37611,
        0,
        0,
        0,
        0,
        0,
        0,
        0,
        0,
        37611,
        0,
        0,
        37611,
        0,
        0,
        37611,
        37611,
        0,
        37611,
        0,
        37611,
        0,
        37611,
        0,
        0,
        37611,
        0,
        0,
        0,
        37611,
        0,
        0,
        37611,
        0,
        0,
        0,
        0,
        0,
        0,
        37611,
        0,
        0,
        0,
        37611,
        0,
        0,
        37611,
        0,
        0,
        0,
        0,
        0,
        0,
        0,
        37611,
        37611,
        0,
        37611,
        0,
        0,
        0,
        0,
        0,
        0,
        37611,
        0,
        0,
        0,
        37611,
        0,
        0,
        0,
        37611,
        0,
        0,
        0,
        0,
        0,
        37611,
        0,
        0,
        0
    ]
}