{
    "mean_exact_match": 0.0,
    "mean_bleu_score": 0.12880164166953367,
    "mean_rougeL_score": 0.3577821629259274,
    "mean_rouge4_score": 0.011756604624855322,
    "mean_wer_score": 0.9881755350154051,
    "mean_cer_score": 0.7747759003029641,
    "total_validation_time": 505.93752121925354,
    "token_use_counts": [
        1045,
        1045,
        0,
        1045,
        0,
        0,
        1045,
        0,
        0,
        1045,
        0,
        0,
        0,
        0,
        0,
        0,
        0,
        0,
        0,
        0,
        1045,
        0,
        1045,
        0,
        1045,
        1045,
        0,
        0,
        1045,
        1045,
        0,
        0,
        0,
        0,
        1045,
        0,
        1045,
        1045,
        0,
        0,
        1045,
        0,
        0,
        0,
        0,
        0,
        0,
        0,
        1045,
        1045,
        0,
        1045,
        0,
        1045,
        0,
        0,
        1045,
        0,
        1045,
        0,
        1045,
        0,
        0,
        1045,
        0,
        0,
        1045,
        0,
        1045,
        1045,
        0,
        1045,
        1045,
        1045,
        0,
        0,
        0,
        0,
        0,
        1045,
        0,
        1045,
        0,
        0,
        1045,
        0,
        0,
        0,
        0,
        0,
        0,
        0,
        1045,
        0,
        1045,
        1045,
        0,
        0,
        1045,
        0,
        1045,
        1045,
        0,
        1045,
        1045,
        0,
        0,
        1045,
        1045,
        0,
        1045,
        0,
        1045,
        1045,
        1045,
        1045,
        1045,
        1045,
        0,
        0,
        0,
        0,
        1045,
        1045,
        0,
        1045,
        0,
        1045,
        0,
        0,
        0,
        0,
        1045,
        1045,
        0,
        1045,
        0,
        0,
        1045,
        0,
        1045,
        1045,
        0,
        1045,
        1045,
        1045,
        1045,
        0,
        0,
        1045,
        0,
        1045,
        0,
        0,
        0,
        0,
        1045,
        1045,
        0,
        0,
        1045,
        0,
        1045,
        1045,
        0,
        1045,
        0,
        1045,
        0,
        0,
        1045,
        0,
        1045,
        1045,
        1045,
        1045,
        0,
        1045,
        0,
        1045,
        0,
        0,
        0,
        0,
        0,
        1045,
        0,
        1045,
        0,
        1045,
        1045,
        0,
        1045,
        0,
        1045,
        0,
        1045,
        1045,
        1045,
        0,
        0,
        0,
        1045,
        1045,
        0,
        1045,
        0,
        0,
        1045,
        0,
        1045,
        0,
        0,
        0,
        0,
        0,
        1045,
        0,
        0,
        0,
        0,
        0,
        1045,
        1045,
        1045,
        0,
        0,
        0,
        0,
        0,
        1045,
        0,
        1045,
        1045,
        1045,
        0,
        1045,
        0,
        0,
        1045,
        0,
        1045,
        1045,
        0,
        0,
        0,
        1045,
        0,
        0,
        1045,
        0,
        1045,
        0,
        0,
        1045,
        1045,
        0,
        0,
        0,
        1045,
        0,
        1045,
        1045,
        0,
        0,
        0,
        1045,
        1045,
        0,
        0,
        0,
        0,
        1045,
        0,
        0,
        1045,
        0,
        1045,
        1045,
        1045,
        1045,
        0,
        1045,
        0,
        0,
        0,
        1045,
        0,
        0,
        0,
        0,
        1045,
        0,
        1045,
        0,
        1045,
        0,
        0,
        0,
        0,
        0,
        0,
        1045,
        0,
        1045,
        0,
        0,
        0,
        0,
        0,
        1045,
        0,
        0,
        1045,
        1045,
        0,
        0,
        0,
        1045,
        1045,
        0,
        0,
        0,
        1045,
        0,
        0,
        1045,
        1045,
        0,
        0,
        1045,
        0,
        0,
        1045,
        1045,
        0,
        1045,
        0,
        1045,
        0,
        1045,
        1045,
        0,
        1045,
        0,
        1045,
        0,
        1045,
        0,
        0,
        1045,
        0,
        0,
        0,
        0,
        0,
        0,
        1045,
        0,
        0,
        0,
        1045,
        0,
        0,
        1045,
        0,
        0,
        1045,
        0,
        0,
        0,
        0,
        0,
        1045,
        0,
        1045,
        0,
        0,
        0,
        0,
        0,
        0,
        1045,
        1045,
        1045,
        0,
        1045,
        0,
        0,
        0,
        1045,
        0,
        0,
        0,
        0,
        0,
        1045,
        0,
        0,
        1045
    ]
}