{
    "mean_exact_match": 0.035415325313806534,
    "mean_bleu_score": 0.030383569216628676,
    "mean_rougeL_score": 0.029759414974463674,
    "mean_rouge4_score": 0.0007737711955355227,
    "mean_wer_score": 0.998326359832636,
    "mean_cer_score": 0.6658179887540121,
    "total_validation_time": 6742.4239637851715,
    "token_use_counts": [
        15530,
        15530,
        0,
        15530,
        0,
        0,
        15530,
        0,
        0,
        15530,
        0,
        0,
        0,
        0,
        0,
        0,
        0,
        0,
        0,
        0,
        15530,
        0,
        15530,
        0,
        15530,
        15530,
        0,
        0,
        15530,
        15530,
        0,
        0,
        0,
        0,
        15530,
        0,
        15530,
        15530,
        0,
        0,
        15530,
        0,
        0,
        0,
        0,
        0,
        0,
        0,
        15530,
        15530,
        0,
        15530,
        0,
        15530,
        0,
        0,
        15530,
        0,
        15530,
        0,
        15530,
        0,
        0,
        15530,
        0,
        0,
        15530,
        0,
        15530,
        15530,
        0,
        15530,
        15530,
        15530,
        0,
        0,
        0,
        0,
        0,
        15530,
        0,
        15530,
        0,
        0,
        15530,
        0,
        0,
        0,
        0,
        0,
        0,
        0,
        15530,
        0,
        15530,
        15530,
        0,
        0,
        15530,
        0,
        15530,
        15530,
        0,
        15530,
        15530,
        0,
        0,
        15530,
        15530,
        0,
        15530,
        0,
        15530,
        15530,
        15530,
        15530,
        15530,
        15530,
        0,
        0,
        0,
        0,
        15530,
        15530,
        0,
        15530,
        0,
        15530,
        0,
        0,
        0,
        0,
        15530,
        15530,
        0,
        15530,
        0,
        0,
        15530,
        0,
        15530,
        15530,
        0,
        15530,
        15530,
        15530,
        15530,
        0,
        0,
        15530,
        0,
        15530,
        0,
        0,
        0,
        0,
        15530,
        15530,
        0,
        0,
        15530,
        0,
        15530,
        15530,
        0,
        15530,
        0,
        15530,
        0,
        0,
        15530,
        0,
        15530,
        15530,
        15530,
        15530,
        0,
        15530,
        0,
        15530,
        0,
        0,
        0,
        0,
        0,
        15530,
        0,
        15530,
        0,
        15530,
        15530,
        0,
        15530,
        0,
        15530,
        0,
        15530,
        15530,
        15530,
        0,
        0,
        0,
        15530,
        15530,
        0,
        15530,
        0,
        0,
        15530,
        0,
        15530,
        0,
        0,
        0,
        0,
        0,
        15530,
        0,
        0,
        0,
        0,
        0,
        15530,
        15530,
        15530,
        0,
        0,
        0,
        0,
        0,
        15530,
        0,
        15530,
        15530,
        15530,
        0,
        15530,
        0,
        0,
        15530,
        0,
        15530,
        15530,
        0,
        0,
        0,
        15530,
        0,
        0,
        15530,
        0,
        15530,
        0,
        0,
        15530,
        15530,
        0,
        0,
        0,
        15530,
        0,
        15530,
        15530,
        0,
        0,
        0,
        15530,
        15530,
        0,
        0,
        0,
        0,
        15530,
        0,
        0,
        15530,
        0,
        15530,
        15530,
        15530,
        15530,
        0,
        15530,
        0,
        0,
        0,
        15530,
        0,
        0,
        0,
        0,
        15530,
        0,
        15530,
        0,
        15530,
        0,
        0,
        0,
        0,
        0,
        0,
        15530,
        0,
        15530,
        0,
        0,
        0,
        0,
        0,
        15530,
        0,
        0,
        15530,
        15530,
        0,
        0,
        0,
        15530,
        15530,
        0,
        0,
        0,
        15530,
        0,
        0,
        15530,
        15530,
        0,
        0,
        15530,
        0,
        0,
        15530,
        15530,
        0,
        15530,
        0,
        15530,
        0,
        15530,
        15530,
        0,
        15530,
        0,
        15530,
        0,
        15530,
        0,
        0,
        15530,
        0,
        0,
        0,
        0,
        0,
        0,
        15530,
        0,
        0,
        0,
        15530,
        0,
        0,
        15530,
        0,
        0,
        15530,
        0,
        0,
        0,
        0,
        0,
        15530,
        0,
        15530,
        0,
        0,
        0,
        0,
        0,
        0,
        15530,
        15530,
        15530,
        0,
        15530,
        0,
        0,
        0,
        15530,
        0,
        0,
        0,
        0,
        0,
        15530,
        0,
        0,
        15530
    ]
}