{
    "mean_exact_match": 0.6462093591690063,
    "mean_bleu_score": 0.0,
    "mean_rougeL_score": 0.648014440433213,
    "mean_rouge4_score": 0.0,
    "mean_wer_score": 0.35379061371841153,
    "mean_cer_score": 0.3783877692842252,
    "total_validation_time": 104.88673377037048,
    "token_use_counts": [
        554,
        554,
        0,
        554,
        0,
        0,
        554,
        0,
        0,
        554,
        0,
        0,
        0,
        0,
        0,
        0,
        0,
        0,
        0,
        0,
        554,
        0,
        554,
        0,
        554,
        554,
        0,
        0,
        554,
        554,
        0,
        0,
        0,
        0,
        554,
        0,
        554,
        554,
        0,
        0,
        554,
        0,
        0,
        0,
        0,
        0,
        0,
        0,
        554,
        554,
        0,
        554,
        0,
        554,
        0,
        0,
        554,
        0,
        554,
        0,
        554,
        0,
        0,
        554,
        0,
        0,
        554,
        0,
        554,
        554,
        0,
        554,
        554,
        554,
        0,
        0,
        0,
        0,
        0,
        554,
        0,
        554,
        0,
        0,
        554,
        0,
        0,
        0,
        0,
        0,
        0,
        0,
        554,
        0,
        554,
        554,
        0,
        0,
        554,
        0,
        554,
        554,
        0,
        554,
        554,
        0,
        0,
        554,
        554,
        0,
        554,
        0,
        554,
        554,
        554,
        554,
        554,
        554,
        0,
        0,
        0,
        0,
        554,
        554,
        0,
        554,
        0,
        554,
        0,
        0,
        0,
        0,
        554,
        554,
        0,
        554,
        0,
        0,
        554,
        0,
        554,
        554,
        0,
        554,
        554,
        554,
        554,
        0,
        0,
        554,
        0,
        554,
        0,
        0,
        0,
        0,
        554,
        554,
        0,
        0,
        554,
        0,
        554,
        554,
        0,
        554,
        0,
        554,
        0,
        0,
        554,
        0,
        554,
        554,
        554,
        554,
        0,
        554,
        0,
        554,
        0,
        0,
        0,
        0,
        0,
        554,
        0,
        554,
        0,
        554,
        554,
        0,
        554,
        0,
        554,
        0,
        554,
        554,
        554,
        0,
        0,
        0,
        554,
        554,
        0,
        554,
        0,
        0,
        554,
        0,
        554,
        0,
        0,
        0,
        0,
        0,
        554,
        0,
        0,
        0,
        0,
        0,
        554,
        554,
        554,
        0,
        0,
        0,
        0,
        0,
        554,
        0,
        554,
        554,
        554,
        0,
        554,
        0,
        0,
        554,
        0,
        554,
        554,
        0,
        0,
        0,
        554,
        0,
        0,
        554,
        0,
        554,
        0,
        0,
        554,
        554,
        0,
        0,
        0,
        554,
        0,
        554,
        554,
        0,
        0,
        0,
        554,
        554,
        0,
        0,
        0,
        0,
        554,
        0,
        0,
        554,
        0,
        554,
        554,
        554,
        554,
        0,
        554,
        0,
        0,
        0,
        554,
        0,
        0,
        0,
        0,
        554,
        0,
        554,
        0,
        554,
        0,
        0,
        0,
        0,
        0,
        0,
        554,
        0,
        554,
        0,
        0,
        0,
        0,
        0,
        554,
        0,
        0,
        554,
        554,
        0,
        0,
        0,
        554,
        554,
        0,
        0,
        0,
        554,
        0,
        0,
        554,
        554,
        0,
        0,
        554,
        0,
        0,
        554,
        554,
        0,
        554,
        0,
        554,
        0,
        554,
        554,
        0,
        554,
        0,
        554,
        0,
        554,
        0,
        0,
        554,
        0,
        0,
        0,
        0,
        0,
        0,
        554,
        0,
        0,
        0,
        554,
        0,
        0,
        554,
        0,
        0,
        554,
        0,
        0,
        0,
        0,
        0,
        554,
        0,
        554,
        0,
        0,
        0,
        0,
        0,
        0,
        554,
        554,
        554,
        0,
        554,
        0,
        0,
        0,
        554,
        0,
        0,
        0,
        0,
        0,
        554,
        0,
        0,
        554
    ]
}