{
    "mean_exact_match": 0.06717557460069656,
    "mean_bleu_score": 0.28083928840535105,
    "mean_rougeL_score": 0.4923555915229175,
    "mean_rouge4_score": 0.23461889590358004,
    "mean_wer_score": 0.9326440177252585,
    "mean_cer_score": 0.755831727542382,
    "total_validation_time": 1522.2919239997864,
    "token_use_counts": [
        2620,
        2620,
        0,
        2620,
        0,
        0,
        2620,
        0,
        0,
        2620,
        0,
        0,
        0,
        0,
        0,
        0,
        0,
        0,
        0,
        0,
        2620,
        0,
        2620,
        0,
        2620,
        2620,
        0,
        0,
        2620,
        2620,
        0,
        0,
        0,
        0,
        2620,
        0,
        2620,
        2620,
        0,
        0,
        2620,
        0,
        0,
        0,
        0,
        0,
        0,
        0,
        2620,
        2620,
        0,
        2620,
        0,
        2620,
        0,
        0,
        2620,
        0,
        2620,
        0,
        2620,
        0,
        0,
        2620,
        0,
        0,
        2620,
        0,
        2620,
        2620,
        0,
        2620,
        2620,
        2620,
        0,
        0,
        0,
        0,
        0,
        2620,
        0,
        2620,
        0,
        0,
        2620,
        0,
        0,
        0,
        0,
        0,
        0,
        0,
        2620,
        0,
        2620,
        2620,
        0,
        0,
        2620,
        0,
        2620,
        2620,
        0,
        2620,
        2620,
        0,
        0,
        2620,
        2620,
        0,
        2620,
        0,
        2620,
        2620,
        2620,
        2620,
        2620,
        2620,
        0,
        0,
        0,
        0,
        2620,
        2620,
        0,
        2620,
        0,
        2620,
        0,
        0,
        0,
        0,
        2620,
        2620,
        0,
        2620,
        0,
        0,
        2620,
        0,
        2620,
        2620,
        0,
        2620,
        2620,
        2620,
        2620,
        0,
        0,
        2620,
        0,
        2620,
        0,
        0,
        0,
        0,
        2620,
        2620,
        0,
        0,
        2620,
        0,
        2620,
        2620,
        0,
        2620,
        0,
        2620,
        0,
        0,
        2620,
        0,
        2620,
        2620,
        2620,
        2620,
        0,
        2620,
        0,
        2620,
        0,
        0,
        0,
        0,
        0,
        2620,
        0,
        2620,
        0,
        2620,
        2620,
        0,
        2620,
        0,
        2620,
        0,
        2620,
        2620,
        2620,
        0,
        0,
        0,
        2620,
        2620,
        0,
        2620,
        0,
        0,
        2620,
        0,
        2620,
        0,
        0,
        0,
        0,
        0,
        2620,
        0,
        0,
        0,
        0,
        0,
        2620,
        2620,
        2620,
        0,
        0,
        0,
        0,
        0,
        2620,
        0,
        2620,
        2620,
        2620,
        0,
        2620,
        0,
        0,
        2620,
        0,
        2620,
        2620,
        0,
        0,
        0,
        2620,
        0,
        0,
        2620,
        0,
        2620,
        0,
        0,
        2620,
        2620,
        0,
        0,
        0,
        2620,
        0,
        2620,
        2620,
        0,
        0,
        0,
        2620,
        2620,
        0,
        0,
        0,
        0,
        2620,
        0,
        0,
        2620,
        0,
        2620,
        2620,
        2620,
        2620,
        0,
        2620,
        0,
        0,
        0,
        2620,
        0,
        0,
        0,
        0,
        2620,
        0,
        2620,
        0,
        2620,
        0,
        0,
        0,
        0,
        0,
        0,
        2620,
        0,
        2620,
        0,
        0,
        0,
        0,
        0,
        2620,
        0,
        0,
        2620,
        2620,
        0,
        0,
        0,
        2620,
        2620,
        0,
        0,
        0,
        2620,
        0,
        0,
        2620,
        2620,
        0,
        0,
        2620,
        0,
        0,
        2620,
        2620,
        0,
        2620,
        0,
        2620,
        0,
        2620,
        2620,
        0,
        2620,
        0,
        2620,
        0,
        2620,
        0,
        0,
        2620,
        0,
        0,
        0,
        0,
        0,
        0,
        2620,
        0,
        0,
        0,
        2620,
        0,
        0,
        2620,
        0,
        0,
        2620,
        0,
        0,
        0,
        0,
        0,
        2620,
        0,
        2620,
        0,
        0,
        0,
        0,
        0,
        0,
        2620,
        2620,
        2620,
        0,
        2620,
        0,
        0,
        0,
        2620,
        0,
        0,
        0,
        0,
        0,
        2620,
        0,
        0,
        2620
    ]
}