{
    "mean_exact_match": 0.5732824206352234,
    "mean_bleu_score": 0.9211996658224475,
    "mean_rougeL_score": 0.9569645328332889,
    "mean_rouge4_score": 0.863629191468904,
    "mean_wer_score": 0.0426049908703591,
    "mean_cer_score": 0.020598891047952567,
    "total_validation_time": 1552.2374160289764,
    "token_use_counts": [
        2620,
        2620,
        0,
        2620,
        0,
        0,
        2620,
        0,
        0,
        2620,
        0,
        0,
        0,
        0,
        0,
        0,
        0,
        0,
        0,
        0,
        2620,
        0,
        2620,
        0,
        2620,
        2620,
        0,
        0,
        2620,
        2620,
        0,
        0,
        0,
        0,
        2620,
        0,
        2620,
        2620,
        0,
        0,
        2620,
        0,
        0,
        0,
        0,
        0,
        0,
        0,
        2620,
        2620,
        0,
        2620,
        0,
        2620,
        0,
        0,
        2620,
        0,
        2620,
        0,
        2620,
        0,
        0,
        2620,
        0,
        0,
        2620,
        0,
        2620,
        2620,
        0,
        2620,
        2620,
        2620,
        0,
        0,
        0,
        0,
        0,
        2620,
        0,
        2620,
        0,
        0,
        2620,
        0,
        0,
        0,
        0,
        0,
        0,
        0,
        2620,
        0,
        2620,
        2620,
        0,
        0,
        2620,
        0,
        2620,
        2620,
        0,
        2620,
        2620,
        0,
        0,
        2620,
        2620,
        0,
        2620,
        0,
        2620,
        2620,
        2620,
        2620,
        2620,
        2620,
        0,
        0,
        0,
        0,
        2620,
        2620,
        0,
        2620,
        0,
        2620,
        0,
        0,
        0,
        0,
        2620,
        2620,
        0,
        2620,
        0,
        0,
        2620,
        0,
        2620,
        2620,
        0,
        2620,
        2620,
        2620,
        2620,
        0,
        0,
        2620,
        0,
        2620,
        0,
        0,
        0,
        0,
        2620,
        2620,
        0,
        0,
        2620,
        0,
        2620,
        2620,
        0,
        2620,
        0,
        2620,
        0,
        0,
        2620,
        0,
        2620,
        2620,
        2620,
        2620,
        0,
        2620,
        0,
        2620,
        0,
        0,
        0,
        0,
        0,
        2620,
        0,
        2620,
        0,
        2620,
        2620,
        0,
        2620,
        0,
        2620,
        0,
        2620,
        2620,
        2620,
        0,
        0,
        0,
        2620,
        2620,
        0,
        2620,
        0,
        0,
        2620,
        0,
        2620,
        0,
        0,
        0,
        0,
        0,
        2620,
        0,
        0,
        0,
        0,
        0,
        2620,
        2620,
        2620,
        0,
        0,
        0,
        0,
        0,
        2620,
        0,
        2620,
        2620,
        2620,
        0,
        2620,
        0,
        0,
        2620,
        0,
        2620,
        2620,
        0,
        0,
        0,
        2620,
        0,
        0,
        2620,
        0,
        2620,
        0,
        0,
        2620,
        2620,
        0,
        0,
        0,
        2620,
        0,
        2620,
        2620,
        0,
        0,
        0,
        2620,
        2620,
        0,
        0,
        0,
        0,
        2620,
        0,
        0,
        2620,
        0,
        2620,
        2620,
        2620,
        2620,
        0,
        2620,
        0,
        0,
        0,
        2620,
        0,
        0,
        0,
        0,
        2620,
        0,
        2620,
        0,
        2620,
        0,
        0,
        0,
        0,
        0,
        0,
        2620,
        0,
        2620,
        0,
        0,
        0,
        0,
        0,
        2620,
        0,
        0,
        2620,
        2620,
        0,
        0,
        0,
        2620,
        2620,
        0,
        0,
        0,
        2620,
        0,
        0,
        2620,
        2620,
        0,
        0,
        2620,
        0,
        0,
        2620,
        2620,
        0,
        2620,
        0,
        2620,
        0,
        2620,
        2620,
        0,
        2620,
        0,
        2620,
        0,
        2620,
        0,
        0,
        2620,
        0,
        0,
        0,
        0,
        0,
        0,
        2620,
        0,
        0,
        0,
        2620,
        0,
        0,
        2620,
        0,
        0,
        2620,
        0,
        0,
        0,
        0,
        0,
        2620,
        0,
        2620,
        0,
        0,
        0,
        0,
        0,
        0,
        2620,
        2620,
        2620,
        0,
        2620,
        0,
        0,
        0,
        2620,
        0,
        0,
        0,
        0,
        0,
        2620,
        0,
        0,
        2620
    ]
}