{
    "mean_exact_match": 0.8942330479621887,
    "mean_bleu_score": 0.0,
    "mean_rougeL_score": 0.8942904441449793,
    "mean_rouge4_score": 0.0,
    "mean_wer_score": 0.47853021722368455,
    "mean_cer_score": 0.7403003488471028,
    "total_validation_time": 26494.68372988701,
    "token_use_counts": [
        37611,
        37611,
        0,
        37611,
        0,
        0,
        37611,
        0,
        0,
        37611,
        0,
        0,
        0,
        0,
        0,
        0,
        0,
        0,
        0,
        0,
        37611,
        0,
        37611,
        0,
        37611,
        37611,
        0,
        0,
        37611,
        37611,
        0,
        0,
        0,
        0,
        37611,
        0,
        37611,
        37611,
        0,
        0,
        37611,
        0,
        0,
        0,
        0,
        0,
        0,
        0,
        37611,
        37611,
        0,
        37611,
        0,
        37611,
        0,
        0,
        37611,
        0,
        37611,
        0,
        37611,
        0,
        0,
        37611,
        0,
        0,
        37611,
        0,
        37611,
        37611,
        0,
        37611,
        37611,
        37611,
        0,
        0,
        0,
        0,
        0,
        37611,
        0,
        37611,
        0,
        0,
        37611,
        0,
        0,
        0,
        0,
        0,
        0,
        0,
        37611,
        0,
        37611,
        37611,
        0,
        0,
        37611,
        0,
        37611,
        37611,
        0,
        37611,
        37611,
        0,
        0,
        37611,
        37611,
        0,
        37611,
        0,
        37611,
        37611,
        37611,
        37611,
        37611,
        37611,
        0,
        0,
        0,
        0,
        37611,
        37611,
        0,
        37611,
        0,
        37611,
        0,
        0,
        0,
        0,
        37611,
        37611,
        0,
        37611,
        0,
        0,
        37611,
        0,
        37611,
        37611,
        0,
        37611,
        37611,
        37611,
        37611,
        0,
        0,
        37611,
        0,
        37611,
        0,
        0,
        0,
        0,
        37611,
        37611,
        0,
        0,
        37611,
        0,
        37611,
        37611,
        0,
        37611,
        0,
        37611,
        0,
        0,
        37611,
        0,
        37611,
        37611,
        37611,
        37611,
        0,
        37611,
        0,
        37611,
        0,
        0,
        0,
        0,
        0,
        37611,
        0,
        37611,
        0,
        37611,
        37611,
        0,
        37611,
        0,
        37611,
        0,
        37611,
        37611,
        37611,
        0,
        0,
        0,
        37611,
        37611,
        0,
        37611,
        0,
        0,
        37611,
        0,
        37611,
        0,
        0,
        0,
        0,
        0,
        37611,
        0,
        0,
        0,
        0,
        0,
        37611,
        37611,
        37611,
        0,
        0,
        0,
        0,
        0,
        37611,
        0,
        37611,
        37611,
        37611,
        0,
        37611,
        0,
        0,
        37611,
        0,
        37611,
        37611,
        0,
        0,
        0,
        37611,
        0,
        0,
        37611,
        0,
        37611,
        0,
        0,
        37611,
        37611,
        0,
        0,
        0,
        37611,
        0,
        37611,
        37611,
        0,
        0,
        0,
        37611,
        37611,
        0,
        0,
        0,
        0,
        37611,
        0,
        0,
        37611,
        0,
        37611,
        37611,
        37611,
        37611,
        0,
        37611,
        0,
        0,
        0,
        37611,
        0,
        0,
        0,
        0,
        37611,
        0,
        37611,
        0,
        37611,
        0,
        0,
        0,
        0,
        0,
        0,
        37611,
        0,
        37611,
        0,
        0,
        0,
        0,
        0,
        37611,
        0,
        0,
        37611,
        37611,
        0,
        0,
        0,
        37611,
        37611,
        0,
        0,
        0,
        37611,
        0,
        0,
        37611,
        37611,
        0,
        0,
        37611,
        0,
        0,
        37611,
        37611,
        0,
        37611,
        0,
        37611,
        0,
        37611,
        37611,
        0,
        37611,
        0,
        37611,
        0,
        37611,
        0,
        0,
        37611,
        0,
        0,
        0,
        0,
        0,
        0,
        37611,
        0,
        0,
        0,
        37611,
        0,
        0,
        37611,
        0,
        0,
        37611,
        0,
        0,
        0,
        0,
        0,
        37611,
        0,
        37611,
        0,
        0,
        0,
        0,
        0,
        0,
        37611,
        37611,
        37611,
        0,
        37611,
        0,
        0,
        0,
        37611,
        0,
        0,
        0,
        0,
        0,
        37611,
        0,
        0,
        37611
    ]
}