{
    "mean_exact_match": 0.0,
    "mean_bleu_score": 0.07783846131241183,
    "mean_rougeL_score": 0.30882288877943465,
    "mean_rouge4_score": 0.00493445789734299,
    "mean_wer_score": 1.045465900574569,
    "mean_cer_score": 0.8277165255957772,
    "total_validation_time": 502.546098947525,
    "token_use_counts": [
        1045,
        1045,
        730,
        713,
        719,
        702,
        1045,
        690,
        689,
        1045,
        1045,
        677,
        696,
        677,
        690,
        677,
        691,
        671,
        675,
        665,
        1045,
        675,
        1045,
        648,
        1045,
        671,
        643,
        657,
        1045,
        1045,
        641,
        628,
        615,
        623,
        1045,
        248,
        622,
        1045,
        623,
        614,
        604,
        602,
        595,
        600,
        588,
        580,
        596,
        571,
        1045,
        566,
        585,
        1045,
        580,
        555,
        571,
        555,
        549,
        549,
        1045,
        532,
        528,
        526,
        1045,
        524,
        528,
        512,
        1045,
        518,
        486,
        1045,
        473,
        1045,
        1045,
        1045,
        450,
        455,
        1045,
        443,
        491,
        469,
        480,
        1045,
        456,
        455,
        1045,
        454,
        447,
        420,
        406,
        402,
        1045,
        408,
        1045,
        376,
        1045,
        1045,
        427,
        376,
        354,
        380,
        1045,
        1045,
        424,
        339,
        416,
        343,
        412,
        1045,
        1045,
        398,
        344,
        392,
        1045,
        1045,
        1045,
        343,
        1045,
        1045,
        384,
        380,
        371,
        352,
        1045,
        302,
        347,
        338,
        311,
        282,
        212,
        325,
        39,
        118,
        22,
        1045,
        1045,
        7,
        330,
        8,
        3,
        295,
        1045,
        25,
        1,
        4,
        1045,
        0,
        0,
        21,
        6,
        1045,
        291,
        1045,
        0,
        1045,
        0,
        3,
        26,
        22,
        252,
        0,
        128,
        84,
        1045,
        1045,
        7,
        22,
        85,
        1045,
        1,
        41,
        1045,
        48,
        1045,
        5,
        1045,
        1045,
        4,
        1045,
        3,
        1045,
        0,
        46,
        3,
        0,
        10,
        1045,
        43,
        1045,
        23,
        1045,
        1045,
        2,
        1045,
        19,
        1045,
        21,
        1045,
        1045,
        1045,
        17,
        12,
        18,
        43,
        5,
        1,
        0,
        6,
        3,
        1045,
        22,
        1,
        0,
        0,
        13,
        7,
        1,
        0,
        0,
        4,
        4,
        1,
        4,
        1,
        3,
        1045,
        2,
        0,
        2,
        1,
        13,
        1045,
        12,
        7,
        1045,
        0,
        1,
        1045,
        11,
        1045,
        1,
        1,
        0,
        1045,
        34,
        0,
        1,
        0,
        0,
        8,
        1045,
        13,
        1045,
        7,
        7,
        1045,
        1045,
        4,
        7,
        27,
        1045,
        25,
        7,
        1045,
        12,
        6,
        29,
        0,
        1045,
        1,
        6,
        5,
        1045,
        1045,
        3,
        8,
        1045,
        1,
        1045,
        1045,
        9,
        1045,
        0,
        1045,
        0,
        10,
        17,
        1045,
        1045,
        6,
        0,
        1,
        1045,
        0,
        1045,
        1,
        3,
        13,
        18,
        1,
        16,
        4,
        21,
        1045,
        24,
        1045,
        8,
        13,
        9,
        9,
        0,
        1045,
        0,
        9,
        9,
        1,
        9,
        8,
        1,
        5,
        10,
        0,
        7,
        6,
        1045,
        11,
        17,
        2,
        1045,
        1045,
        10,
        1045,
        12,
        13,
        1045,
        1045,
        0,
        1045,
        7,
        1045,
        7,
        1045,
        0,
        5,
        0,
        0,
        4,
        4,
        1045,
        0,
        1045,
        1045,
        3,
        3,
        2,
        2,
        0,
        1,
        1045,
        2,
        1045,
        2,
        1045,
        1,
        1,
        0,
        0,
        0,
        0,
        0,
        0,
        0,
        0,
        0,
        1045,
        0,
        1045,
        0,
        0,
        0,
        0,
        0,
        0,
        1045,
        1045,
        1045,
        0,
        0,
        0,
        0,
        0,
        0,
        0,
        0,
        0,
        0,
        0,
        1045,
        0,
        0,
        0
    ]
}