{
    "mean_exact_match": 0.03824855014681816,
    "mean_bleu_score": 0.04556558026559127,
    "mean_rougeL_score": 0.03557201473492523,
    "mean_rouge4_score": 0.0010449309580024327,
    "mean_wer_score": 0.9971812376128606,
    "mean_cer_score": 0.6465678821665017,
    "total_validation_time": 6721.264374732971,
    "token_use_counts": [
        15530,
        15530,
        7138,
        15530,
        7087,
        7072,
        15530,
        7021,
        10871,
        15530,
        10812,
        10824,
        6918,
        6843,
        6822,
        6785,
        15530,
        6755,
        6732,
        6680,
        15530,
        6620,
        6624,
        6576,
        15530,
        15530,
        6563,
        6564,
        15530,
        15530,
        6547,
        6491,
        10798,
        6485,
        15530,
        10782,
        10654,
        6428,
        6428,
        6410,
        15530,
        10733,
        6380,
        6293,
        10645,
        6231,
        6225,
        6178,
        6165,
        15530,
        6021,
        15530,
        10653,
        15530,
        6013,
        5979,
        5957,
        5891,
        15530,
        10609,
        10456,
        5818,
        15530,
        15530,
        10522,
        5789,
        5789,
        5704,
        15530,
        5677,
        9894,
        15530,
        15530,
        15530,
        5040,
        5001,
        4937,
        4913,
        9826,
        9746,
        4888,
        15530,
        4819,
        9754,
        15530,
        9706,
        9606,
        4793,
        15530,
        4746,
        9569,
        4730,
        15530,
        9577,
        15530,
        15530,
        4739,
        9517,
        4691,
        15530,
        15530,
        4612,
        29,
        9510,
        9309,
        21,
        0,
        9353,
        15530,
        0,
        0,
        0,
        15530,
        15530,
        15530,
        0,
        15530,
        15530,
        0,
        0,
        9340,
        0,
        0,
        15530,
        0,
        15530,
        0,
        9292,
        9254,
        0,
        9142,
        0,
        15530,
        15530,
        9140,
        0,
        0,
        9109,
        0,
        0,
        15530,
        15530,
        0,
        0,
        15530,
        15530,
        15530,
        0,
        0,
        15530,
        0,
        0,
        9092,
        9056,
        0,
        9028,
        15530,
        0,
        0,
        0,
        0,
        0,
        15530,
        15530,
        8985,
        8968,
        8965,
        0,
        8952,
        0,
        8914,
        15530,
        15530,
        15530,
        0,
        15530,
        0,
        8895,
        8857,
        15530,
        8797,
        0,
        8762,
        8759,
        0,
        15530,
        8708,
        15530,
        8687,
        15530,
        8612,
        0,
        0,
        0,
        15530,
        8509,
        15530,
        0,
        8458,
        0,
        0,
        8443,
        0,
        0,
        0,
        0,
        15530,
        8392,
        15530,
        0,
        0,
        0,
        0,
        0,
        0,
        0,
        15530,
        0,
        0,
        0,
        0,
        0,
        15530,
        0,
        15530,
        0,
        0,
        0,
        0,
        0,
        15530,
        0,
        0,
        15530,
        15530,
        0,
        15530,
        0,
        0,
        0,
        0,
        15530,
        0,
        0,
        0,
        0,
        0,
        0,
        0,
        15530,
        0,
        15530,
        0,
        0,
        0,
        15530,
        0,
        0,
        0,
        15530,
        0,
        0,
        15530,
        0,
        0,
        0,
        15530,
        15530,
        0,
        0,
        0,
        15530,
        15530,
        0,
        0,
        15530,
        0,
        0,
        0,
        0,
        15530,
        0,
        0,
        0,
        0,
        0,
        0,
        0,
        0,
        0,
        0,
        15530,
        0,
        15530,
        0,
        15530,
        0,
        0,
        0,
        0,
        0,
        0,
        15530,
        0,
        0,
        0,
        0,
        0,
        0,
        0,
        15530,
        0,
        0,
        0,
        0,
        0,
        0,
        0,
        15530,
        0,
        0,
        0,
        0,
        0,
        0,
        0,
        15530,
        15530,
        15530,
        0,
        15530,
        0,
        0,
        15530,
        15530,
        0,
        0,
        0,
        15530,
        0,
        15530,
        15530,
        0,
        15530,
        0,
        15530,
        0,
        15530,
        0,
        0,
        15530,
        0,
        0,
        0,
        0,
        0,
        0,
        15530,
        0,
        15530,
        15530,
        0,
        0,
        0,
        15530,
        0,
        0,
        0,
        0,
        0,
        0,
        0,
        0,
        15530,
        0,
        15530,
        0,
        0,
        0,
        0,
        0,
        0,
        15530,
        0,
        15530,
        0,
        0,
        0,
        0,
        0,
        15530,
        0,
        0,
        0,
        0,
        0,
        0,
        0,
        0,
        15530
    ]
}