{
    "mean_exact_match": 0.8122743964195251,
    "mean_bleu_score": 0.0,
    "mean_rougeL_score": 0.8122743682310469,
    "mean_rouge4_score": 0.0,
    "mean_wer_score": 0.18772563176895307,
    "mean_cer_score": 0.20430854760250175,
    "total_validation_time": 120.06698656082153,
    "token_use_counts": [
        554,
        554,
        476,
        472,
        468,
        464,
        554,
        463,
        461,
        554,
        554,
        460,
        461,
        461,
        460,
        458,
        455,
        454,
        451,
        449,
        554,
        450,
        554,
        448,
        448,
        449,
        444,
        439,
        441,
        554,
        433,
        438,
        433,
        430,
        554,
        428,
        554,
        423,
        421,
        417,
        554,
        419,
        411,
        404,
        399,
        393,
        396,
        385,
        554,
        425,
        375,
        554,
        377,
        554,
        366,
        363,
        554,
        363,
        554,
        352,
        341,
        340,
        331,
        554,
        318,
        314,
        554,
        297,
        137,
        50,
        10,
        554,
        554,
        554,
        241,
        120,
        10,
        7,
        113,
        554,
        230,
        554,
        5,
        554,
        554,
        1,
        1,
        222,
        220,
        101,
        47,
        209,
        554,
        97,
        93,
        554,
        92,
        90,
        3,
        89,
        554,
        85,
        74,
        69,
        201,
        64,
        66,
        554,
        554,
        58,
        2,
        56,
        554,
        554,
        554,
        554,
        59,
        554,
        2,
        50,
        2,
        191,
        3,
        1,
        71,
        554,
        1,
        1,
        1,
        184,
        180,
        174,
        1,
        554,
        1,
        171,
        4,
        157,
        154,
        148,
        145,
        554,
        143,
        554,
        145,
        554,
        554,
        139,
        127,
        121,
        119,
        115,
        114,
        113,
        110,
        108,
        554,
        106,
        104,
        97,
        554,
        76,
        554,
        49,
        54,
        48,
        43,
        44,
        41,
        554,
        554,
        554,
        554,
        554,
        554,
        40,
        42,
        554,
        36,
        13,
        19,
        19,
        17,
        19,
        19,
        554,
        19,
        554,
        17,
        554,
        554,
        10,
        554,
        14,
        3,
        7,
        554,
        554,
        0,
        0,
        0,
        0,
        554,
        1,
        0,
        554,
        0,
        0,
        0,
        0,
        0,
        0,
        0,
        0,
        0,
        0,
        554,
        0,
        0,
        0,
        0,
        0,
        0,
        554,
        554,
        0,
        0,
        0,
        0,
        0,
        554,
        0,
        1,
        554,
        554,
        0,
        554,
        0,
        0,
        0,
        0,
        554,
        554,
        0,
        0,
        0,
        0,
        0,
        0,
        554,
        0,
        554,
        0,
        0,
        554,
        0,
        0,
        0,
        0,
        554,
        0,
        0,
        554,
        0,
        0,
        0,
        554,
        554,
        0,
        0,
        0,
        554,
        0,
        0,
        0,
        0,
        0,
        554,
        554,
        554,
        554,
        0,
        554,
        0,
        0,
        0,
        554,
        0,
        0,
        0,
        0,
        554,
        0,
        554,
        0,
        0,
        0,
        0,
        0,
        0,
        0,
        0,
        554,
        0,
        554,
        0,
        0,
        0,
        0,
        0,
        554,
        0,
        0,
        554,
        0,
        0,
        0,
        0,
        554,
        554,
        0,
        0,
        0,
        0,
        0,
        0,
        554,
        554,
        0,
        0,
        0,
        0,
        0,
        554,
        554,
        0,
        0,
        0,
        554,
        0,
        554,
        554,
        0,
        0,
        0,
        554,
        0,
        0,
        0,
        0,
        554,
        0,
        0,
        0,
        0,
        0,
        0,
        554,
        0,
        0,
        0,
        554,
        0,
        0,
        554,
        0,
        0,
        0,
        0,
        0,
        0,
        0,
        554,
        554,
        0,
        554,
        0,
        0,
        0,
        0,
        0,
        0,
        0,
        0,
        0,
        0,
        554,
        0,
        0,
        0,
        554,
        0,
        0,
        0,
        0,
        0,
        554,
        0,
        0,
        554
    ]
}