{
    "mean_exact_match": 0.659160315990448,
    "mean_bleu_score": 0.936192840987649,
    "mean_rougeL_score": 0.9663104457663382,
    "mean_rouge4_score": 0.8928443930238027,
    "mean_wer_score": 0.036670724284844795,
    "mean_cer_score": 0.0183318741859025,
    "total_validation_time": 1674.3326160907745,
    "token_use_counts": [
        2620,
        2620,
        614,
        2422,
        616,
        592,
        2620,
        2422,
        2420,
        2413,
        2415,
        2415,
        586,
        554,
        548,
        556,
        2409,
        550,
        2406,
        2405,
        2620,
        543,
        2620,
        531,
        499,
        2401,
        2401,
        508,
        2620,
        2397,
        499,
        496,
        475,
        478,
        2620,
        2393,
        2392,
        467,
        2385,
        467,
        2385,
        465,
        2385,
        465,
        459,
        2382,
        2382,
        441,
        2620,
        2620,
        436,
        2620,
        423,
        2620,
        413,
        2377,
        424,
        428,
        2620,
        416,
        2620,
        415,
        254,
        2220,
        266,
        2215,
        2620,
        2208,
        2620,
        245,
        2205,
        2620,
        2620,
        2620,
        2204,
        262,
        257,
        233,
        244,
        2189,
        243,
        2620,
        240,
        247,
        2620,
        231,
        223,
        238,
        237,
        242,
        2620,
        232,
        2620,
        244,
        2620,
        2620,
        245,
        222,
        217,
        2171,
        2620,
        32,
        18,
        2620,
        34,
        15,
        30,
        2152,
        2620,
        17,
        2150,
        2154,
        2164,
        2620,
        2620,
        2144,
        2620,
        2620,
        2119,
        2109,
        2099,
        2101,
        2119,
        2620,
        2083,
        2620,
        2050,
        2620,
        2058,
        2026,
        1985,
        1999,
        2620,
        2620,
        2030,
        2018,
        1950,
        1928,
        1767,
        606,
        2620,
        1506,
        4,
        2620,
        2620,
        2620,
        2620,
        0,
        5,
        149,
        0,
        0,
        0,
        37,
        0,
        0,
        0,
        0,
        0,
        0,
        2620,
        0,
        2620,
        2620,
        0,
        0,
        0,
        0,
        0,
        0,
        2620,
        2620,
        2620,
        2620,
        0,
        2620,
        0,
        2620,
        0,
        2620,
        0,
        0,
        0,
        0,
        0,
        2620,
        0,
        2620,
        0,
        2620,
        117,
        0,
        0,
        0,
        2620,
        0,
        2620,
        2620,
        0,
        0,
        0,
        0,
        0,
        2620,
        0,
        0,
        0,
        2620,
        2620,
        0,
        2620,
        0,
        0,
        0,
        0,
        0,
        2620,
        0,
        0,
        0,
        0,
        0,
        0,
        0,
        2620,
        0,
        2620,
        0,
        0,
        0,
        2620,
        0,
        2620,
        0,
        0,
        0,
        0,
        0,
        2620,
        0,
        0,
        2620,
        0,
        0,
        0,
        0,
        0,
        0,
        0,
        2620,
        0,
        2620,
        0,
        0,
        2620,
        2620,
        0,
        0,
        0,
        2620,
        0,
        0,
        2620,
        0,
        0,
        0,
        2620,
        2620,
        0,
        0,
        0,
        2620,
        0,
        0,
        0,
        2620,
        0,
        2620,
        0,
        0,
        2620,
        0,
        0,
        0,
        0,
        0,
        0,
        0,
        0,
        0,
        0,
        2620,
        0,
        2620,
        0,
        2620,
        0,
        0,
        0,
        0,
        0,
        0,
        2620,
        0,
        2620,
        0,
        0,
        0,
        2620,
        0,
        2620,
        0,
        0,
        0,
        0,
        2620,
        0,
        0,
        2620,
        0,
        0,
        0,
        0,
        2620,
        0,
        0,
        2620,
        2620,
        0,
        0,
        0,
        0,
        0,
        2620,
        2620,
        0,
        2620,
        0,
        2620,
        0,
        2620,
        0,
        0,
        0,
        0,
        2620,
        0,
        2620,
        0,
        0,
        2620,
        0,
        0,
        0,
        0,
        0,
        0,
        2620,
        0,
        2620,
        2620,
        2620,
        0,
        0,
        2620,
        0,
        0,
        0,
        0,
        0,
        0,
        0,
        2620,
        2620,
        0,
        2620,
        0,
        0,
        0,
        0,
        0,
        0,
        0,
        0,
        0,
        0,
        2620,
        0,
        0,
        0,
        0,
        0,
        0,
        0,
        0,
        0,
        2620,
        0,
        0,
        2620
    ]
}