{
    "mean_exact_match": 0.043893128633499146,
    "mean_bleu_score": 0.25469383834448067,
    "mean_rougeL_score": 0.4518497303900435,
    "mean_rouge4_score": 0.1948662356019405,
    "mean_wer_score": 0.9163220088626293,
    "mean_cer_score": 0.7383679390304632,
    "total_validation_time": 1572.4735293388367,
    "token_use_counts": [
        2272,
        2620,
        2272,
        2270,
        620,
        2268,
        2620,
        601,
        590,
        2620,
        2261,
        590,
        2260,
        2260,
        557,
        544,
        531,
        2260,
        527,
        521,
        2620,
        2255,
        2245,
        520,
        2248,
        514,
        513,
        508,
        2620,
        2620,
        507,
        2247,
        2247,
        492,
        2620,
        2620,
        2246,
        491,
        486,
        2237,
        2620,
        2236,
        486,
        2232,
        2232,
        485,
        476,
        472,
        2620,
        2620,
        2231,
        2620,
        2227,
        2226,
        2226,
        468,
        2212,
        450,
        2620,
        2210,
        447,
        446,
        411,
        2173,
        2174,
        2170,
        2620,
        2152,
        2620,
        407,
        2147,
        2620,
        2620,
        2620,
        395,
        2143,
        2135,
        2136,
        2134,
        2620,
        393,
        2620,
        393,
        2129,
        2620,
        2620,
        2128,
        389,
        388,
        388,
        2104,
        385,
        2620,
        2111,
        2620,
        2620,
        384,
        2109,
        381,
        374,
        2620,
        371,
        371,
        2620,
        370,
        2106,
        363,
        2620,
        2620,
        360,
        360,
        360,
        2620,
        2620,
        2620,
        359,
        2620,
        2096,
        353,
        350,
        2106,
        347,
        347,
        2095,
        0,
        2077,
        1,
        0,
        0,
        0,
        0,
        0,
        0,
        2620,
        0,
        2084,
        2061,
        0,
        2620,
        0,
        2038,
        2620,
        0,
        0,
        2620,
        2620,
        2620,
        2018,
        0,
        2620,
        0,
        2620,
        0,
        2016,
        0,
        2001,
        4,
        0,
        0,
        0,
        11,
        0,
        0,
        2620,
        0,
        0,
        0,
        2620,
        0,
        2620,
        2620,
        2620,
        2620,
        2620,
        0,
        2620,
        0,
        2620,
        0,
        2620,
        2620,
        0,
        0,
        0,
        0,
        2620,
        0,
        2620,
        0,
        2620,
        0,
        0,
        2620,
        0,
        2620,
        0,
        2620,
        2620,
        0,
        0,
        0,
        0,
        0,
        0,
        0,
        2620,
        0,
        0,
        0,
        0,
        2620,
        0,
        0,
        0,
        0,
        0,
        2620,
        0,
        0,
        0,
        2620,
        0,
        2620,
        0,
        2620,
        0,
        2620,
        0,
        0,
        0,
        2620,
        2620,
        2620,
        0,
        2620,
        0,
        0,
        0,
        2620,
        0,
        0,
        2620,
        0,
        0,
        0,
        0,
        0,
        0,
        2620,
        2620,
        0,
        2620,
        0,
        0,
        0,
        2620,
        0,
        0,
        0,
        2620,
        0,
        0,
        2620,
        0,
        0,
        0,
        0,
        2620,
        0,
        0,
        0,
        2620,
        0,
        0,
        0,
        2620,
        0,
        2620,
        0,
        0,
        2620,
        0,
        0,
        0,
        0,
        0,
        0,
        0,
        0,
        0,
        0,
        2620,
        0,
        2620,
        0,
        2620,
        0,
        0,
        0,
        0,
        0,
        0,
        2620,
        0,
        0,
        0,
        0,
        0,
        2620,
        0,
        0,
        0,
        0,
        0,
        2620,
        0,
        0,
        0,
        0,
        2620,
        0,
        0,
        0,
        0,
        0,
        0,
        2620,
        2620,
        2620,
        0,
        2620,
        0,
        0,
        2620,
        2620,
        0,
        2620,
        0,
        2620,
        0,
        2620,
        0,
        0,
        2620,
        0,
        2620,
        0,
        2620,
        0,
        2620,
        0,
        0,
        0,
        0,
        0,
        0,
        0,
        2620,
        0,
        2620,
        0,
        2620,
        0,
        0,
        0,
        0,
        0,
        0,
        0,
        0,
        0,
        0,
        0,
        2620,
        0,
        2620,
        0,
        0,
        0,
        0,
        0,
        0,
        0,
        0,
        0,
        0,
        2620,
        0,
        0,
        0,
        0,
        0,
        0,
        0,
        0,
        0,
        2620,
        0,
        0,
        2620
    ]
}