{
    "mean_exact_match": 0.9434208273887634,
    "mean_bleu_score": 0.0,
    "mean_rougeL_score": 0.9434739836749887,
    "mean_rouge4_score": 0.0,
    "mean_wer_score": 0.05657919225758422,
    "mean_cer_score": 0.06789755807027993,
    "total_validation_time": 7642.937155008316,
    "token_use_counts": [
        25423,
        37611,
        23655,
        37611,
        23389,
        24916,
        37611,
        23373,
        24892,
        37611,
        24739,
        24671,
        24664,
        23168,
        22946,
        24570,
        24578,
        24611,
        24458,
        24381,
        37611,
        37611,
        37611,
        24261,
        24450,
        37611,
        22502,
        22470,
        37611,
        23902,
        22346,
        23757,
        21906,
        21594,
        37611,
        23683,
        23999,
        37611,
        21354,
        21470,
        37611,
        23415,
        23270,
        22892,
        23400,
        21361,
        21285,
        21074,
        37611,
        22748,
        21174,
        21698,
        22498,
        37611,
        20648,
        20503,
        37611,
        22268,
        22054,
        21442,
        21468,
        19861,
        20578,
        20020,
        17354,
        17043,
        37611,
        16451,
        37611,
        16258,
        16785,
        37611,
        17145,
        37611,
        16950,
        16356,
        37611,
        15834,
        16089,
        37611,
        15951,
        37611,
        15601,
        15914,
        37611,
        15493,
        15199,
        15798,
        37611,
        15694,
        15562,
        15203,
        15025,
        14514,
        37611,
        14581,
        14966,
        13550,
        37611,
        13447,
        37611,
        13473,
        14421,
        12497,
        12671,
        14112,
        25,
        37611,
        108,
        14073,
        1004,
        13705,
        37611,
        13948,
        37611,
        37611,
        0,
        37611,
        0,
        0,
        0,
        0,
        37611,
        31,
        0,
        37611,
        0,
        2293,
        0,
        13497,
        13555,
        13383,
        0,
        91,
        151,
        27,
        6,
        3,
        35,
        13035,
        0,
        37611,
        37611,
        37611,
        33,
        37611,
        37611,
        13115,
        0,
        33,
        13067,
        37611,
        0,
        0,
        0,
        0,
        37611,
        0,
        0,
        13012,
        37611,
        0,
        37611,
        37611,
        13077,
        1,
        1,
        37611,
        2,
        10,
        37611,
        12679,
        37611,
        37611,
        7,
        37611,
        4,
        37611,
        12815,
        37611,
        1,
        1,
        1,
        12407,
        12187,
        37611,
        0,
        37611,
        0,
        16215,
        13677,
        11524,
        37611,
        11050,
        37611,
        2,
        37611,
        37611,
        37611,
        545,
        172,
        27,
        769,
        37611,
        2,
        0,
        15,
        17,
        37611,
        31,
        142,
        0,
        29,
        2,
        3,
        3,
        37611,
        4,
        1,
        2,
        0,
        56,
        57,
        37611,
        37611,
        0,
        0,
        0,
        9,
        0,
        3481,
        1,
        37611,
        37604,
        37611,
        0,
        37611,
        0,
        37611,
        37611,
        0,
        37611,
        0,
        0,
        0,
        0,
        0,
        0,
        0,
        37611,
        0,
        37611,
        0,
        0,
        37611,
        37611,
        0,
        0,
        0,
        37611,
        0,
        37611,
        41,
        1,
        0,
        0,
        0,
        37611,
        1,
        0,
        2,
        37611,
        1,
        1,
        4,
        37611,
        2,
        3,
        37611,
        1,
        37611,
        0,
        14,
        6,
        37611,
        0,
        37611,
        0,
        0,
        5,
        1,
        37611,
        0,
        3,
        0,
        37611,
        0,
        8,
        3,
        0,
        37611,
        4,
        37611,
        0,
        37611,
        0,
        0,
        0,
        0,
        0,
        37611,
        0,
        0,
        37611,
        37611,
        6,
        2,
        0,
        37611,
        37611,
        0,
        2,
        10,
        58,
        41,
        41,
        37611,
        37611,
        43,
        62,
        68,
        93,
        78,
        37611,
        37611,
        77,
        72,
        67,
        37611,
        62,
        37611,
        37611,
        55,
        74,
        514,
        70,
        52,
        49,
        42,
        41,
        37611,
        5,
        7,
        37,
        9,
        8,
        4,
        31,
        11,
        13,
        9,
        37611,
        4,
        8,
        37611,
        3,
        8,
        27,
        7,
        9,
        9,
        13,
        22,
        37611,
        25,
        37611,
        41,
        39,
        58,
        31,
        24,
        22,
        37611,
        37611,
        37611,
        23,
        37611,
        34,
        26,
        26,
        37611,
        56,
        24,
        41,
        82,
        48,
        37611,
        60,
        18,
        1263
    ]
}