{
    "mean_exact_match": 0.0,
    "mean_bleu_score": 0.07614381099180587,
    "mean_rougeL_score": 0.30573392548612854,
    "mean_rouge4_score": 0.0048780583766282505,
    "mean_wer_score": 1.0430510450495463,
    "mean_cer_score": 0.8250148358684449,
    "total_validation_time": 513.3521614074707,
    "token_use_counts": [
        1045,
        385,
        0,
        1045,
        1045,
        0,
        1045,
        0,
        0,
        1045,
        1045,
        0,
        0,
        0,
        1045,
        1045,
        1045,
        0,
        0,
        0,
        1045,
        0,
        0,
        1045,
        0,
        1045,
        0,
        0,
        0,
        1045,
        0,
        1045,
        0,
        1045,
        0,
        1045,
        0,
        0,
        0,
        0,
        689,
        0,
        0,
        0,
        0,
        1045,
        0,
        1045,
        0,
        0,
        0,
        1045,
        0,
        1045,
        0,
        1045,
        0,
        0,
        1045,
        1045,
        0,
        0,
        0,
        1045,
        0,
        1045,
        1045,
        0,
        0,
        1045,
        1045,
        1045,
        0,
        1045,
        0,
        1045,
        0,
        0,
        0,
        0,
        0,
        0,
        0,
        0,
        0,
        1045,
        0,
        1045,
        0,
        0,
        0,
        0,
        0,
        0,
        0,
        1045,
        0,
        0,
        1045,
        0,
        1045,
        0,
        1045,
        0,
        0,
        0,
        1045,
        1045,
        1045,
        0,
        0,
        0,
        1045,
        1045,
        1045,
        0,
        0,
        0,
        0,
        0,
        0,
        0,
        1045,
        0,
        1045,
        0,
        0,
        1045,
        1045,
        0,
        0,
        0,
        0,
        1045,
        1045,
        1045,
        1045,
        1045,
        0,
        1045,
        1045,
        1043,
        1045,
        0,
        0,
        0,
        0,
        0,
        0,
        0,
        0,
        0,
        0,
        1045,
        0,
        0,
        0,
        1045,
        0,
        1045,
        0,
        0,
        1045,
        1045,
        0,
        0,
        1045,
        1041,
        1045,
        0,
        1045,
        0,
        1045,
        1045,
        0,
        1045,
        0,
        0,
        0,
        0,
        0,
        0,
        1045,
        0,
        0,
        1045,
        1045,
        1,
        0,
        1045,
        0,
        0,
        1045,
        1045,
        0,
        0,
        1045,
        1045,
        1045,
        0,
        1045,
        1045,
        0,
        0,
        1045,
        0,
        0,
        0,
        0,
        1045,
        0,
        1045,
        1045,
        0,
        0,
        1045,
        0,
        0,
        0,
        0,
        1045,
        1045,
        1045,
        0,
        1045,
        0,
        1045,
        0,
        1045,
        0,
        0,
        1045,
        1045,
        1030,
        1045,
        0,
        0,
        1045,
        1045,
        0,
        1045,
        0,
        0,
        0,
        1045,
        0,
        0,
        0,
        0,
        1045,
        0,
        1044,
        1045,
        0,
        0,
        0,
        1045,
        0,
        0,
        1045,
        0,
        0,
        1045,
        0,
        0,
        0,
        1045,
        0,
        0,
        1045,
        0,
        1045,
        1045,
        0,
        0,
        1045,
        1045,
        0,
        1045,
        0,
        1045,
        1045,
        1045,
        0,
        0,
        0,
        0,
        0,
        0,
        0,
        0,
        1045,
        0,
        0,
        1045,
        1045,
        0,
        0,
        1045,
        0,
        0,
        1045,
        1045,
        0,
        0,
        0,
        0,
        0,
        1045,
        0,
        1045,
        1045,
        0,
        1045,
        0,
        0,
        1045,
        0,
        0,
        0,
        0,
        0,
        0,
        1045,
        0,
        0,
        0,
        1045,
        1045,
        1045,
        1045,
        1045,
        0,
        1045,
        1045,
        1045,
        0,
        1045,
        0,
        0,
        1045,
        0,
        0,
        1045,
        1045,
        0,
        0,
        1045,
        0,
        1045,
        1045,
        1045,
        1045,
        0,
        0,
        1045,
        0,
        1037,
        0,
        0,
        1045,
        1045,
        1045,
        0,
        1045,
        1045,
        1045,
        0,
        0,
        0,
        0,
        0,
        0,
        0,
        0,
        1045,
        0,
        0,
        1045,
        0,
        1045,
        0,
        1045,
        0,
        0,
        0,
        0,
        0,
        1045,
        0,
        1045,
        0,
        0,
        0,
        0,
        0,
        0,
        1045,
        0,
        1045
    ]
}