{
    "mean_exact_match": 0.04327108711004257,
    "mean_bleu_score": 0.043712451085204475,
    "mean_rougeL_score": 0.036502328402966605,
    "mean_rouge4_score": 0.0008008611550144068,
    "mean_wer_score": 0.9965646333406739,
    "mean_cer_score": 0.6323454883316842,
    "total_validation_time": 6562.507243394852,
    "token_use_counts": [
        15530,
        15530,
        19,
        0,
        0,
        15530,
        15530,
        0,
        15530,
        15530,
        15529,
        0,
        0,
        4,
        1,
        0,
        0,
        4,
        0,
        16,
        15530,
        0,
        15530,
        0,
        0,
        0,
        4,
        0,
        15530,
        15530,
        3,
        15530,
        0,
        0,
        15530,
        15530,
        0,
        0,
        0,
        0,
        15530,
        5,
        15530,
        1,
        0,
        15530,
        0,
        0,
        15530,
        0,
        0,
        15530,
        0,
        15530,
        0,
        0,
        15530,
        15530,
        15530,
        15530,
        0,
        15530,
        15530,
        15530,
        0,
        15530,
        15530,
        0,
        15530,
        1,
        0,
        15530,
        15530,
        15530,
        37,
        15530,
        0,
        0,
        0,
        0,
        0,
        15530,
        0,
        0,
        15530,
        0,
        0,
        0,
        15520,
        15530,
        15530,
        0,
        0,
        0,
        0,
        0,
        0,
        15529,
        0,
        15529,
        0,
        0,
        0,
        15530,
        15530,
        0,
        0,
        15530,
        15530,
        0,
        0,
        0,
        0,
        15530,
        15530,
        0,
        15530,
        0,
        0,
        0,
        0,
        15530,
        15530,
        15530,
        0,
        15528,
        0,
        15530,
        0,
        0,
        15530,
        0,
        15530,
        15530,
        15530,
        0,
        4,
        15530,
        0,
        3,
        15530,
        15530,
        2,
        15530,
        15448,
        15529,
        15530,
        0,
        0,
        15530,
        15530,
        15530,
        0,
        0,
        0,
        15530,
        15530,
        15530,
        15530,
        0,
        15530,
        15530,
        0,
        0,
        0,
        0,
        0,
        0,
        0,
        0,
        15530,
        15530,
        15530,
        15530,
        15530,
        15530,
        15530,
        15530,
        0,
        15530,
        0,
        0,
        0,
        0,
        0,
        15530,
        0,
        15530,
        0,
        15530,
        0,
        0,
        0,
        0,
        15530,
        0,
        15530,
        0,
        15530,
        15530,
        0,
        0,
        0,
        0,
        0,
        0,
        0,
        1,
        0,
        0,
        0,
        0,
        0,
        0,
        0,
        1,
        15530,
        0,
        0,
        0,
        0,
        0,
        15530,
        0,
        15530,
        0,
        15530,
        0,
        15530,
        0,
        15530,
        0,
        0,
        15530,
        15530,
        0,
        15530,
        15530,
        15530,
        0,
        0,
        15530,
        0,
        0,
        0,
        0,
        0,
        0,
        15530,
        15530,
        0,
        15530,
        0,
        0,
        15530,
        15530,
        0,
        0,
        0,
        15530,
        0,
        15530,
        0,
        0,
        0,
        0,
        0,
        15530,
        15520,
        0,
        0,
        15530,
        0,
        2,
        0,
        0,
        0,
        0,
        15530,
        0,
        15530,
        0,
        15530,
        0,
        0,
        0,
        15530,
        0,
        0,
        15530,
        0,
        15530,
        0,
        15530,
        0,
        15530,
        0,
        0,
        0,
        0,
        0,
        15530,
        15530,
        0,
        15530,
        15530,
        0,
        0,
        15530,
        0,
        15530,
        15530,
        0,
        15530,
        0,
        1,
        0,
        1,
        0,
        15530,
        0,
        0,
        0,
        0,
        0,
        0,
        15530,
        15530,
        15530,
        0,
        0,
        15530,
        0,
        15530,
        15530,
        15530,
        15530,
        15530,
        15530,
        1,
        15530,
        0,
        15530,
        15527,
        0,
        0,
        1,
        15530,
        0,
        0,
        15530,
        15530,
        0,
        0,
        0,
        15530,
        0,
        15529,
        0,
        15530,
        0,
        0,
        0,
        0,
        15530,
        0,
        1,
        15529,
        0,
        0,
        15530,
        0,
        0,
        15530,
        0,
        15530,
        0,
        0,
        15530,
        0,
        0,
        0,
        15530,
        0,
        0,
        0,
        15530,
        0,
        0,
        0,
        15530,
        15530,
        15530,
        0,
        0,
        0,
        0,
        15530,
        0,
        15530
    ]
}