{
    "mean_exact_match": 0.7906137108802795,
    "mean_bleu_score": 0.0,
    "mean_rougeL_score": 0.7906137184115524,
    "mean_rouge4_score": 0.0,
    "mean_wer_score": 0.20938628158844766,
    "mean_cer_score": 0.23245309242529535,
    "total_validation_time": 117.94029474258423,
    "token_use_counts": [
        0,
        0,
        0,
        0,
        554,
        554,
        0,
        554,
        554,
        0,
        0,
        0,
        0,
        554,
        554,
        0,
        554,
        0,
        0,
        554,
        554,
        0,
        0,
        0,
        0,
        0,
        554,
        554,
        554,
        0,
        0,
        0,
        0,
        554,
        0,
        554,
        554,
        0,
        0,
        0,
        0,
        554,
        0,
        0,
        554,
        0,
        0,
        554,
        554,
        0,
        0,
        0,
        0,
        0,
        554,
        554,
        554,
        0,
        0,
        0,
        0,
        0,
        554,
        0,
        554,
        0,
        0,
        0,
        0,
        0,
        554,
        0,
        0,
        0,
        0,
        554,
        0,
        0,
        0,
        0,
        0,
        554,
        0,
        0,
        0,
        0,
        554,
        0,
        554,
        554,
        554,
        554,
        0,
        0,
        0,
        0,
        0,
        554,
        554,
        0,
        0,
        0,
        554,
        0,
        554,
        0,
        554,
        554,
        554,
        0,
        0,
        554,
        0,
        554,
        554,
        0,
        554,
        554,
        0,
        554,
        0,
        554,
        554,
        0,
        554,
        554,
        554,
        554,
        0,
        0,
        554,
        0,
        0,
        554,
        0,
        0,
        554,
        0,
        0,
        554,
        0,
        0,
        554,
        0,
        0,
        554,
        554,
        554,
        0,
        0,
        0,
        0,
        0,
        0,
        0,
        554,
        0,
        0,
        554,
        0,
        554,
        0,
        0,
        0,
        554,
        0,
        554,
        0,
        0,
        0,
        0,
        554,
        0,
        554,
        0,
        0,
        0,
        554,
        554,
        554,
        0,
        0,
        0,
        554,
        0,
        554,
        0,
        554,
        0,
        0,
        0,
        0,
        0,
        0,
        0,
        554,
        0,
        0,
        554,
        0,
        554,
        554,
        554,
        0,
        0,
        554,
        0,
        0,
        0,
        554,
        554,
        554,
        0,
        554,
        554,
        0,
        554,
        0,
        554,
        0,
        0,
        0,
        0,
        0,
        554,
        0,
        0,
        0,
        554,
        554,
        554,
        554,
        0,
        0,
        0,
        554,
        0,
        0,
        0,
        0,
        554,
        0,
        554,
        554,
        0,
        0,
        0,
        554,
        0,
        554,
        554,
        0,
        0,
        0,
        554,
        554,
        0,
        554,
        0,
        0,
        0,
        0,
        554,
        554,
        0,
        554,
        0,
        0,
        0,
        0,
        0,
        554,
        0,
        554,
        554,
        0,
        554,
        0,
        0,
        554,
        0,
        0,
        554,
        554,
        0,
        0,
        0,
        554,
        0,
        0,
        554,
        0,
        0,
        0,
        554,
        554,
        0,
        0,
        0,
        554,
        554,
        554,
        0,
        554,
        0,
        0,
        0,
        0,
        0,
        0,
        0,
        554,
        554,
        0,
        554,
        0,
        554,
        0,
        554,
        0,
        554,
        0,
        554,
        554,
        0,
        554,
        554,
        0,
        554,
        0,
        0,
        0,
        0,
        0,
        554,
        554,
        0,
        0,
        554,
        0,
        0,
        554,
        554,
        0,
        554,
        0,
        0,
        554,
        554,
        554,
        0,
        554,
        0,
        554,
        0,
        554,
        0,
        0,
        0,
        0,
        0,
        0,
        554,
        0,
        554,
        554,
        554,
        0,
        554,
        554,
        554,
        0,
        554,
        554,
        554,
        0,
        0,
        0,
        554,
        0,
        554,
        0,
        0,
        0,
        554,
        0,
        554,
        554,
        0,
        0,
        554,
        0,
        554,
        554,
        0,
        0,
        0,
        0,
        554,
        0
    ]
}