{
    "mean_exact_match": 0.6599236726760864,
    "mean_bleu_score": 0.9202758473135525,
    "mean_rougeL_score": 0.9611440982453348,
    "mean_rouge4_score": 0.8889722951822786,
    "mean_wer_score": 0.060027388922702374,
    "mean_cer_score": 0.037243848447965376,
    "total_validation_time": 1593.0045924186707,
    "token_use_counts": [
        2619,
        2620,
        3,
        0,
        2619,
        2615,
        2619,
        8,
        0,
        0,
        0,
        28,
        0,
        8,
        8,
        8,
        1,
        5,
        3,
        0,
        2620,
        2619,
        0,
        0,
        0,
        1,
        2620,
        2,
        0,
        2608,
        0,
        2619,
        1,
        1,
        2614,
        2408,
        2612,
        21,
        0,
        22,
        2614,
        0,
        2620,
        2620,
        5,
        2614,
        0,
        0,
        0,
        2620,
        10,
        2614,
        1,
        2615,
        0,
        2620,
        0,
        6,
        2620,
        2619,
        2620,
        0,
        2615,
        2620,
        0,
        2619,
        2603,
        0,
        2615,
        0,
        1,
        2620,
        2620,
        2618,
        14,
        0,
        2620,
        0,
        1375,
        2620,
        0,
        2620,
        0,
        0,
        2620,
        15,
        0,
        0,
        2620,
        9,
        2617,
        2620,
        13,
        0,
        3,
        2614,
        0,
        0,
        4,
        0,
        2620,
        1,
        0,
        2619,
        2620,
        0,
        35,
        2620,
        0,
        0,
        0,
        0,
        6,
        0,
        2620,
        0,
        2620,
        0,
        0,
        0,
        407,
        0,
        0,
        0,
        1,
        2620,
        0,
        0,
        2613,
        6,
        172,
        5,
        2620,
        2620,
        2615,
        0,
        0,
        2601,
        3,
        0,
        2614,
        2612,
        52,
        2620,
        2615,
        2620,
        2620,
        0,
        2,
        2620,
        2619,
        2614,
        11,
        1,
        3,
        0,
        5,
        2,
        1,
        1,
        0,
        1,
        2618,
        2620,
        2,
        0,
        0,
        2619,
        2616,
        0,
        2614,
        2620,
        2620,
        2620,
        0,
        2614,
        0,
        2620,
        0,
        0,
        2619,
        1,
        0,
        2615,
        0,
        2620,
        3,
        2615,
        0,
        1,
        1,
        19,
        2615,
        20,
        2620,
        562,
        2620,
        0,
        2612,
        4,
        0,
        1,
        0,
        0,
        0,
        2620,
        3,
        2614,
        2619,
        1,
        2620,
        4,
        0,
        2620,
        1518,
        291,
        2619,
        2619,
        0,
        2620,
        8,
        2,
        2485,
        0,
        2620,
        4,
        2620,
        0,
        1,
        1332,
        10,
        1,
        2613,
        2614,
        0,
        3,
        2619,
        2619,
        2619,
        2620,
        3,
        2620,
        0,
        0,
        2,
        0,
        2620,
        0,
        10,
        2619,
        16,
        2619,
        1,
        0,
        0,
        2613,
        2608,
        0,
        5,
        2620,
        0,
        0,
        2620,
        2,
        60,
        0,
        2613,
        2619,
        2501,
        0,
        0,
        2620,
        0,
        9,
        0,
        2519,
        0,
        2563,
        2620,
        740,
        2620,
        0,
        0,
        2,
        2,
        2619,
        2618,
        2600,
        5,
        0,
        0,
        2620,
        1,
        2620,
        3,
        0,
        2620,
        2617,
        0,
        0,
        6,
        2619,
        2619,
        16,
        2615,
        270,
        0,
        0,
        18,
        1782,
        2620,
        2617,
        0,
        2614,
        2620,
        73,
        0,
        4,
        0,
        2617,
        0,
        1,
        0,
        2619,
        0,
        2619,
        2601,
        2613,
        0,
        2620,
        0,
        0,
        0,
        2620,
        2620,
        2619,
        6,
        2619,
        2614,
        2619,
        2620,
        4,
        0,
        4,
        0,
        2618,
        3,
        2616,
        1,
        27,
        2620,
        0,
        0,
        1,
        0,
        3,
        0,
        0,
        0,
        2620,
        0,
        2620,
        2615,
        0,
        2620,
        0,
        1,
        0,
        0,
        0,
        0,
        1564,
        2620,
        2612,
        3,
        2619,
        5,
        0,
        1710,
        7,
        0,
        2,
        0,
        2614,
        2619,
        1624,
        2620,
        0,
        0,
        4,
        4,
        2618,
        0,
        0,
        0,
        0,
        2620,
        2620,
        0,
        2
    ]
}