{
    "mean_exact_match": 0.04312977194786072,
    "mean_bleu_score": 0.2660580676405269,
    "mean_rougeL_score": 0.45054681586028633,
    "mean_rouge4_score": 0.19839969530170934,
    "mean_wer_score": 0.9262924667651403,
    "mean_cer_score": 0.7526360231233897,
    "total_validation_time": 1577.142718076706,
    "token_use_counts": [
        3,
        1,
        27,
        35,
        2620,
        1,
        2620,
        0,
        0,
        0,
        9,
        2620,
        0,
        0,
        2620,
        12,
        115,
        0,
        0,
        0,
        0,
        0,
        249,
        6,
        1030,
        2608,
        1380,
        2620,
        1,
        12,
        12,
        2,
        10,
        151,
        0,
        1402,
        2016,
        36,
        80,
        0,
        180,
        13,
        2620,
        0,
        2,
        2620,
        2620,
        2620,
        1250,
        59,
        0,
        11,
        0,
        0,
        49,
        2620,
        1761,
        1381,
        170,
        9,
        2564,
        0,
        2620,
        2620,
        22,
        2620,
        2034,
        2563,
        689,
        2,
        0,
        2,
        284,
        7,
        58,
        2620,
        0,
        1101,
        0,
        937,
        0,
        49,
        2620,
        3,
        2306,
        2620,
        2618,
        2620,
        0,
        2620,
        0,
        2,
        0,
        1827,
        2499,
        2608,
        2620,
        479,
        2612,
        0,
        0,
        1,
        2619,
        32,
        12,
        0,
        2616,
        226,
        3,
        3,
        2536,
        15,
        1,
        223,
        2620,
        2595,
        2018,
        0,
        2510,
        2144,
        1386,
        0,
        1,
        0,
        0,
        0,
        1,
        355,
        2620,
        2143,
        2620,
        1,
        1404,
        2619,
        8,
        0,
        1,
        12,
        0,
        1,
        0,
        1,
        20,
        2620,
        5,
        18,
        213,
        2121,
        5,
        9,
        1649,
        2546,
        0,
        2620,
        0,
        2365,
        2604,
        545,
        7,
        2620,
        0,
        413,
        6,
        1,
        11,
        247,
        0,
        2620,
        0,
        2545,
        2581,
        2594,
        6,
        2165,
        13,
        2619,
        2200,
        2620,
        2620,
        4,
        0,
        399,
        2613,
        247,
        0,
        2612,
        1,
        0,
        1682,
        0,
        990,
        2620,
        702,
        116,
        1,
        3,
        2620,
        0,
        2620,
        656,
        2576,
        2620,
        797,
        25,
        2606,
        2620,
        2419,
        13,
        2620,
        0,
        2620,
        0,
        1,
        4,
        2,
        2620,
        2620,
        2620,
        79,
        61,
        2620,
        2,
        2620,
        0,
        1,
        2422,
        2443,
        402,
        2568,
        0,
        2620,
        131,
        1,
        21,
        5,
        2430,
        2042,
        218,
        2620,
        0,
        18,
        375,
        2545,
        4,
        2620,
        2564,
        2620,
        0,
        0,
        504,
        15,
        54,
        1690,
        2610,
        1,
        2,
        2441,
        1712,
        1267,
        151,
        2604,
        112,
        2620,
        2620,
        499,
        1650,
        28,
        11,
        4,
        2620,
        10,
        17,
        2490,
        2017,
        1388,
        456,
        2620,
        1852,
        0,
        460,
        2620,
        361,
        2620,
        2616,
        606,
        2606,
        283,
        647,
        1592,
        1943,
        1170,
        2619,
        42,
        1,
        2291,
        2552,
        2620,
        2620,
        112,
        727,
        2028,
        2620,
        2562,
        2612,
        9,
        2619,
        954,
        1279,
        24,
        3,
        216,
        2620,
        896,
        2620,
        2620,
        8,
        2159,
        1947,
        2514,
        13,
        2411,
        2620,
        1,
        2378,
        2620,
        164,
        10,
        49,
        10,
        0,
        2620,
        31,
        2128,
        2620,
        581,
        2620,
        1420,
        2620,
        2613,
        2620,
        46,
        869,
        21,
        1,
        0,
        1,
        5,
        2620,
        429,
        1469,
        0,
        2620,
        49,
        92,
        38,
        0,
        0,
        0,
        68,
        2620,
        9,
        70,
        2620,
        77,
        2620,
        1823,
        101,
        2102,
        1,
        1195,
        789,
        0,
        2,
        2619,
        5,
        265,
        140,
        0,
        0,
        1,
        2620,
        328,
        1101,
        2318,
        9,
        0,
        8,
        12,
        101,
        2620,
        2390,
        7,
        310,
        2620,
        8,
        2620,
        11,
        2620,
        1433,
        2620
    ]
}