{
    "mean_exact_match": 0.9382893443107605,
    "mean_bleu_score": 0.0,
    "mean_rougeL_score": 0.9383156199529734,
    "mean_rouge4_score": 0.0,
    "mean_wer_score": 0.0895216824865066,
    "mean_cer_score": 0.21391346890155705,
    "total_validation_time": 13012.536857128143,
    "token_use_counts": [
        37611,
        0,
        0,
        0,
        37611,
        0,
        0,
        37611,
        0,
        0,
        0,
        0,
        0,
        37611,
        0,
        0,
        0,
        37611,
        0,
        37611,
        1316,
        37611,
        37611,
        0,
        0,
        0,
        37611,
        37611,
        0,
        0,
        0,
        0,
        37611,
        0,
        0,
        0,
        0,
        37611,
        0,
        0,
        0,
        37611,
        0,
        37611,
        37611,
        37611,
        0,
        37611,
        0,
        37611,
        0,
        37611,
        0,
        0,
        37611,
        37611,
        0,
        37611,
        37611,
        37611,
        37611,
        37611,
        37611,
        37611,
        37611,
        37611,
        0,
        0,
        0,
        37611,
        0,
        0,
        0,
        0,
        0,
        0,
        0,
        0,
        0,
        0,
        37611,
        37611,
        0,
        0,
        0,
        0,
        0,
        37611,
        37611,
        37611,
        37611,
        0,
        37611,
        0,
        0,
        37611,
        0,
        0,
        0,
        0,
        0,
        0,
        0,
        37611,
        37611,
        37611,
        0,
        0,
        0,
        37611,
        0,
        37611,
        37611,
        37611,
        0,
        0,
        37611,
        0,
        0,
        0,
        37611,
        37611,
        0,
        0,
        0,
        0,
        0,
        0,
        0,
        0,
        0,
        0,
        37611,
        0,
        37611,
        37611,
        0,
        37611,
        37611,
        0,
        0,
        0,
        0,
        37611,
        0,
        0,
        0,
        0,
        0,
        0,
        0,
        37611,
        0,
        37611,
        0,
        37611,
        37611,
        0,
        0,
        0,
        37611,
        37611,
        0,
        0,
        0,
        37611,
        37611,
        37611,
        0,
        37611,
        0,
        37611,
        0,
        0,
        37611,
        0,
        36346,
        37611,
        0,
        0,
        0,
        0,
        0,
        0,
        0,
        37611,
        0,
        0,
        37611,
        37611,
        0,
        0,
        37611,
        0,
        37611,
        0,
        0,
        0,
        37611,
        0,
        37611,
        0,
        37611,
        37611,
        0,
        0,
        0,
        0,
        0,
        0,
        0,
        0,
        0,
        0,
        37611,
        37611,
        0,
        0,
        0,
        0,
        37611,
        37611,
        0,
        0,
        0,
        0,
        37611,
        0,
        0,
        37611,
        0,
        37611,
        0,
        0,
        37611,
        0,
        37611,
        0,
        37611,
        37611,
        0,
        0,
        37611,
        37611,
        37611,
        37611,
        0,
        37611,
        37611,
        37611,
        0,
        37611,
        0,
        0,
        37611,
        0,
        0,
        37611,
        37611,
        0,
        0,
        0,
        37611,
        37611,
        0,
        0,
        37611,
        0,
        0,
        37611,
        0,
        37611,
        37611,
        0,
        0,
        37611,
        0,
        0,
        0,
        0,
        0,
        37611,
        37611,
        37611,
        37611,
        0,
        0,
        37611,
        0,
        37611,
        0,
        37611,
        0,
        37611,
        37611,
        37611,
        0,
        0,
        37611,
        0,
        0,
        0,
        0,
        0,
        0,
        37611,
        0,
        0,
        0,
        0,
        37611,
        0,
        37611,
        0,
        37611,
        37611,
        0,
        0,
        37611,
        37611,
        0,
        0,
        37611,
        0,
        0,
        37611,
        37611,
        0,
        0,
        0,
        37611,
        37611,
        0,
        0,
        0,
        0,
        0,
        37611,
        37611,
        37611,
        37611,
        37611,
        37611,
        37611,
        37611,
        0,
        0,
        0,
        0,
        37611,
        0,
        0,
        37611,
        0,
        0,
        0,
        0,
        37611,
        37611,
        37611,
        0,
        37611,
        0,
        0,
        0,
        0,
        37611,
        0,
        0,
        0,
        37611,
        0,
        37611,
        37560,
        0,
        0,
        37611,
        37611,
        0,
        0,
        0,
        0,
        0,
        0,
        37611,
        0,
        0,
        37611,
        37611,
        37611,
        37611,
        0,
        0,
        37611,
        37611,
        0,
        37611,
        37611,
        0,
        37611
    ]
}