{
    "mean_exact_match": 0.04488087445497513,
    "mean_bleu_score": 0.03441611349115333,
    "mean_rougeL_score": 0.032135381253217694,
    "mean_rouge4_score": 0.0007889491920399841,
    "mean_wer_score": 0.9923364897599648,
    "mean_cer_score": 0.6406995358415587,
    "total_validation_time": 7561.405695199966,
    "token_use_counts": [
        0,
        0,
        0,
        0,
        0,
        0,
        0,
        0,
        0,
        0,
        0,
        0,
        0,
        0,
        0,
        0,
        0,
        0,
        0,
        0
    ]
}