{
    "mean_exact_match": 0.06335877627134323,
    "mean_bleu_score": 0.28578082877793304,
    "mean_rougeL_score": 0.4975086108517405,
    "mean_rouge4_score": 0.23547973811042605,
    "mean_wer_score": 0.8971196454948301,
    "mean_cer_score": 0.7310022300647369,
    "total_validation_time": 1857.2344009876251,
    "token_use_counts": [
        0,
        0,
        0,
        0,
        0,
        0,
        0,
        0,
        0,
        0,
        0,
        0,
        0,
        0,
        0,
        0,
        0,
        0,
        0,
        0
    ]
}