{
    "mean_exact_match": 0.6702290177345276,
    "mean_bleu_score": 0.9400989159618971,
    "mean_rougeL_score": 0.9677849598351466,
    "mean_rouge4_score": 0.8967344508601547,
    "mean_wer_score": 0.03252434570906878,
    "mean_cer_score": 0.015249870100289694,
    "total_validation_time": 1869.0810070037842,
    "token_use_counts": [
        0,
        0,
        0,
        0,
        0,
        0,
        0,
        0,
        0,
        0,
        0,
        0,
        0,
        0,
        0,
        0,
        0,
        0,
        0,
        0
    ]
}