{
    "mean_exact_match": 0.9400707483291626,
    "mean_bleu_score": 0.0,
    "mean_rougeL_score": 0.9400973119566084,
    "mean_rouge4_score": 0.0,
    "mean_wer_score": 0.05992927600967802,
    "mean_cer_score": 0.07191780821917808,
    "total_validation_time": 7911.543648004532,
    "token_use_counts": [
        0,
        0,
        0,
        0,
        0,
        0,
        0,
        0,
        0,
        0,
        0,
        0,
        0,
        0,
        0,
        0,
        0,
        0,
        0,
        0
    ]
}