{
    "mean_exact_match": 0.1675572544336319,
    "mean_bleu_score": 0.21073666745919528,
    "mean_rougeL_score": 0.6547958347331457,
    "mean_rouge4_score": 0.5402917939024263,
    "mean_wer_score": 0.6142726719415703,
    "mean_cer_score": 0.6226431210095876,
    "total_validation_time": 927.6901359558105,
    "token_use_counts": [
        0,
        0,
        0,
        0,
        0,
        0,
        0,
        0,
        0,
        0,
        0,
        0,
        0,
        0,
        0,
        0,
        0,
        0,
        0,
        0
    ]
}