{
    "mean_exact_match": 0.0,
    "mean_bleu_score": 0.11818234455459628,
    "mean_rougeL_score": 0.34153998836158206,
    "mean_rouge4_score": 0.010217738149028365,
    "mean_wer_score": 1.0211508035639936,
    "mean_cer_score": 0.8203454414842115,
    "total_validation_time": 528.0759627819061,
    "token_use_counts": [
        0,
        1044,
        1036,
        0,
        0,
        1045,
        645,
        1045,
        0,
        1045,
        1045,
        16,
        1045,
        1045,
        0,
        1045,
        0,
        1045,
        0,
        0,
        1045,
        0,
        0,
        1045,
        0,
        0,
        1045,
        1045,
        0,
        2,
        1045,
        1045,
        0,
        0,
        27,
        0,
        0,
        0,
        0,
        0,
        5,
        705,
        0,
        0,
        0,
        0,
        1045,
        0,
        1045,
        0,
        0,
        0,
        1045,
        27,
        0,
        1043,
        0,
        1045,
        0,
        0,
        0,
        1045,
        1045,
        0,
        0,
        0,
        793,
        0,
        0,
        0,
        1044,
        0,
        0,
        1039,
        1,
        1045,
        1045,
        0,
        0,
        0,
        1045,
        0,
        1045,
        0,
        14,
        0,
        948,
        0,
        1045,
        1045,
        1045,
        1,
        0,
        1043,
        0,
        1045,
        363,
        1045,
        0,
        1045,
        0,
        1045,
        0,
        0,
        0,
        1045,
        0,
        0,
        0,
        0,
        0,
        1045,
        0,
        0,
        1045,
        0,
        1045,
        0,
        1024,
        1045,
        1045,
        360,
        0,
        1045,
        0,
        2,
        0,
        0,
        0,
        1045,
        1045,
        880,
        1045,
        1043,
        1045,
        0,
        1045,
        1045,
        0,
        1045,
        1019,
        598,
        0,
        1,
        0,
        912,
        1045,
        0,
        0,
        1045,
        1045,
        0,
        0,
        1045,
        1045,
        754,
        0,
        1045,
        0,
        1045,
        179,
        565,
        0,
        0,
        0,
        0,
        1045,
        0,
        1045,
        0,
        0,
        0,
        3,
        0,
        567,
        0,
        0,
        0,
        1045,
        0,
        1045,
        1045,
        420,
        0,
        1045,
        811,
        0,
        1045,
        0,
        0,
        0,
        182,
        1045,
        0,
        999,
        0,
        7,
        0,
        0,
        1045,
        1045,
        1045,
        1045,
        0,
        1045,
        1045,
        0,
        0,
        1045,
        322,
        0,
        1045,
        1044,
        1045,
        1045,
        236,
        1045,
        1045,
        0,
        0,
        287,
        0,
        1045,
        0,
        0,
        1045,
        0,
        1045,
        0,
        853,
        0,
        0,
        0,
        0,
        0,
        0,
        69,
        0,
        0,
        0,
        0,
        1,
        0,
        0,
        0,
        0,
        0,
        0,
        0,
        1045,
        0,
        1040,
        1045,
        0,
        0,
        1045,
        0,
        1045,
        801,
        150,
        1,
        0,
        1045,
        1045,
        1045,
        1045,
        0,
        0,
        1045,
        0,
        0,
        1045,
        0,
        1045,
        0,
        0,
        1045,
        0,
        5,
        0,
        1045,
        0,
        1045,
        0,
        0,
        65,
        0,
        0,
        1045,
        1045,
        0,
        0,
        218,
        0,
        1045,
        1045,
        1045,
        1045,
        0,
        1045,
        0,
        1045,
        0,
        0,
        0,
        1045,
        0,
        0,
        0,
        1045,
        858,
        0,
        8,
        0,
        0,
        28,
        1045,
        1045,
        0,
        0,
        1045,
        1045,
        0,
        0,
        1045,
        0,
        1045,
        0,
        1045,
        1045,
        0,
        0,
        1045,
        32,
        0,
        1045,
        0,
        1045,
        0,
        0,
        1044,
        0,
        1045,
        0,
        0,
        0,
        1045,
        0,
        1045,
        0,
        0,
        1045,
        1045,
        0,
        1045,
        1045,
        0,
        1045,
        1045,
        1045,
        0,
        0,
        1045,
        0,
        1,
        0,
        0,
        0,
        1045,
        1045,
        1045,
        1045,
        0,
        0,
        0,
        1044,
        1045,
        0,
        0,
        0,
        1045,
        1045,
        0,
        0,
        0,
        0,
        0,
        0,
        1045,
        0,
        0,
        1045,
        1045,
        1031,
        0,
        0,
        0,
        0,
        1045,
        0
    ]
}