{
    "mean_exact_match": 0.01184803619980812,
    "mean_bleu_score": 0.006027314051311626,
    "mean_rougeL_score": 0.014418037693150384,
    "mean_rouge4_score": 0.000128783000643915,
    "mean_wer_score": 1.0913455186082361,
    "mean_cer_score": 0.9003909549436494,
    "total_validation_time": 7301.356855392456,
    "token_use_counts": [
        0,
        18,
        15530,
        0,
        14379,
        15530,
        5,
        15530,
        0,
        15530,
        7640,
        15521,
        15530,
        15530,
        0,
        15530,
        0,
        450,
        15067,
        0,
        541,
        0,
        0,
        15530,
        0,
        0,
        15530,
        15498,
        0,
        2,
        15530,
        15530,
        0,
        0,
        1,
        0,
        0,
        0,
        0,
        357,
        0,
        5,
        0,
        0,
        0,
        0,
        15530,
        0,
        15530,
        0,
        0,
        0,
        15530,
        0,
        0,
        15530,
        0,
        15530,
        0,
        0,
        0,
        15530,
        15530,
        0,
        0,
        0,
        5,
        0,
        0,
        0,
        55,
        0,
        0,
        9,
        15483,
        15528,
        15530,
        0,
        0,
        0,
        15530,
        0,
        15530,
        0,
        11,
        0,
        9973,
        0,
        15530,
        15530,
        15530,
        15514,
        0,
        38,
        0,
        15530,
        15525,
        15530,
        0,
        15530,
        0,
        15530,
        0,
        0,
        0,
        15530,
        0,
        0,
        0,
        0,
        0,
        15530,
        0,
        0,
        15530,
        0,
        15530,
        14353,
        15530,
        15530,
        15530,
        4,
        0,
        15530,
        0,
        15517,
        0,
        0,
        0,
        15530,
        15530,
        15528,
        15530,
        16,
        15530,
        0,
        15530,
        15530,
        0,
        15530,
        15530,
        3,
        0,
        14841,
        0,
        10,
        15530,
        0,
        4839,
        15530,
        15530,
        0,
        1840,
        15530,
        15530,
        15528,
        0,
        15530,
        0,
        15530,
        15522,
        15525,
        0,
        0,
        0,
        0,
        15530,
        0,
        15530,
        0,
        0,
        0,
        791,
        0,
        15525,
        0,
        14335,
        0,
        15530,
        0,
        15530,
        15530,
        15525,
        0,
        15530,
        5,
        11979,
        15530,
        0,
        0,
        0,
        4,
        15530,
        0,
        15530,
        0,
        0,
        0,
        0,
        15530,
        15530,
        15530,
        15530,
        0,
        15530,
        15530,
        0,
        0,
        15530,
        15525,
        0,
        15530,
        15530,
        15530,
        15530,
        15525,
        15530,
        15530,
        0,
        0,
        2,
        0,
        15530,
        0,
        0,
        15530,
        2,
        15530,
        0,
        15528,
        0,
        0,
        0,
        0,
        0,
        0,
        0,
        0,
        0,
        0,
        0,
        0,
        0,
        0,
        0,
        0,
        0,
        0,
        0,
        1229,
        7543,
        10,
        15530,
        0,
        0,
        15530,
        0,
        15530,
        6,
        1,
        15505,
        0,
        15530,
        15530,
        15530,
        15530,
        0,
        0,
        15530,
        0,
        0,
        15530,
        0,
        15530,
        0,
        1,
        15530,
        0,
        0,
        0,
        15530,
        0,
        15530,
        0,
        1151,
        1,
        0,
        0,
        15530,
        15530,
        0,
        8,
        15525,
        0,
        259,
        15530,
        15530,
        15530,
        0,
        15530,
        0,
        15530,
        0,
        0,
        0,
        15530,
        0,
        0,
        0,
        15530,
        39,
        0,
        15519,
        0,
        0,
        15520,
        15530,
        15530,
        0,
        0,
        15530,
        15530,
        0,
        0,
        15530,
        0,
        15530,
        0,
        15530,
        15530,
        0,
        0,
        15530,
        0,
        0,
        15530,
        0,
        15530,
        0,
        15242,
        20,
        0,
        15530,
        0,
        0,
        0,
        15530,
        0,
        15530,
        0,
        0,
        15530,
        15530,
        0,
        15530,
        15530,
        0,
        15530,
        15530,
        15530,
        0,
        0,
        15530,
        0,
        0,
        0,
        0,
        0,
        15530,
        15530,
        15530,
        15530,
        0,
        0,
        0,
        31,
        2914,
        0,
        0,
        0,
        15530,
        15530,
        0,
        0,
        0,
        0,
        0,
        0,
        15530,
        0,
        15467,
        15530,
        15530,
        12,
        0,
        0,
        0,
        0,
        15530,
        0
    ]
}