{
    "mean_exact_match": 0.43501806259155273,
    "mean_bleu_score": 0.0,
    "mean_rougeL_score": 0.43501805054151627,
    "mean_rouge4_score": 0.0,
    "mean_wer_score": 0.572202166064982,
    "mean_cer_score": 0.6122307157748437,
    "total_validation_time": 104.70170783996582,
    "token_use_counts": [
        0,
        204,
        554,
        0,
        1,
        554,
        19,
        554,
        0,
        554,
        554,
        456,
        554,
        554,
        0,
        554,
        0,
        549,
        37,
        0,
        550,
        0,
        0,
        554,
        0,
        0,
        554,
        554,
        0,
        0,
        554,
        554,
        0,
        0,
        0,
        0,
        0,
        0,
        0,
        0,
        0,
        12,
        0,
        0,
        0,
        0,
        554,
        0,
        554,
        0,
        0,
        0,
        554,
        0,
        0,
        543,
        0,
        554,
        0,
        0,
        0,
        554,
        554,
        0,
        0,
        0,
        27,
        0,
        0,
        0,
        486,
        0,
        0,
        83,
        134,
        554,
        554,
        0,
        0,
        0,
        554,
        0,
        554,
        0,
        132,
        0,
        554,
        0,
        554,
        554,
        554,
        343,
        0,
        393,
        0,
        554,
        537,
        554,
        0,
        554,
        0,
        554,
        0,
        0,
        0,
        554,
        0,
        0,
        0,
        0,
        0,
        554,
        0,
        0,
        554,
        0,
        554,
        5,
        554,
        554,
        554,
        2,
        0,
        554,
        0,
        413,
        0,
        0,
        0,
        554,
        554,
        553,
        554,
        265,
        554,
        0,
        554,
        554,
        0,
        554,
        554,
        3,
        0,
        139,
        0,
        187,
        554,
        0,
        2,
        554,
        554,
        0,
        0,
        554,
        554,
        552,
        0,
        554,
        0,
        554,
        520,
        542,
        0,
        0,
        0,
        0,
        554,
        0,
        554,
        0,
        0,
        0,
        187,
        0,
        546,
        0,
        0,
        0,
        554,
        0,
        554,
        554,
        531,
        0,
        554,
        42,
        0,
        554,
        0,
        0,
        0,
        13,
        554,
        0,
        553,
        0,
        0,
        0,
        0,
        554,
        554,
        554,
        554,
        0,
        554,
        554,
        0,
        0,
        554,
        521,
        0,
        554,
        554,
        554,
        554,
        538,
        554,
        554,
        0,
        0,
        72,
        0,
        554,
        0,
        0,
        554,
        6,
        554,
        0,
        552,
        0,
        0,
        0,
        0,
        0,
        0,
        0,
        0,
        0,
        0,
        0,
        0,
        0,
        0,
        0,
        0,
        0,
        0,
        0,
        554,
        0,
        63,
        554,
        0,
        0,
        554,
        0,
        554,
        27,
        1,
        178,
        0,
        554,
        554,
        554,
        554,
        0,
        0,
        554,
        0,
        0,
        554,
        0,
        554,
        0,
        0,
        554,
        0,
        0,
        0,
        554,
        0,
        554,
        0,
        0,
        0,
        0,
        0,
        554,
        554,
        0,
        0,
        547,
        0,
        544,
        554,
        554,
        554,
        0,
        554,
        0,
        554,
        0,
        0,
        0,
        554,
        0,
        0,
        0,
        554,
        131,
        0,
        432,
        0,
        0,
        426,
        554,
        554,
        0,
        0,
        554,
        554,
        0,
        0,
        554,
        0,
        554,
        0,
        554,
        554,
        0,
        0,
        554,
        0,
        0,
        554,
        0,
        554,
        0,
        15,
        161,
        0,
        554,
        0,
        0,
        0,
        554,
        0,
        554,
        0,
        0,
        554,
        554,
        0,
        554,
        554,
        0,
        554,
        554,
        554,
        0,
        0,
        554,
        0,
        0,
        0,
        0,
        0,
        554,
        554,
        554,
        554,
        0,
        0,
        0,
        344,
        554,
        0,
        0,
        0,
        554,
        554,
        0,
        0,
        0,
        0,
        0,
        0,
        554,
        0,
        132,
        554,
        554,
        153,
        0,
        0,
        0,
        0,
        554,
        0
    ]
}