{
    "mean_exact_match": 0.04083969444036484,
    "mean_bleu_score": 0.2311628090293983,
    "mean_rougeL_score": 0.44375826902259874,
    "mean_rouge4_score": 0.18808291343085395,
    "mean_wer_score": 1.0534465780403741,
    "mean_cer_score": 0.9643016433195488,
    "total_validation_time": 1962.0774095058441,
    "token_use_counts": [
        0,
        225,
        2620,
        0,
        130,
        2620,
        0,
        2620,
        0,
        2620,
        2598,
        2554,
        2620,
        2620,
        0,
        2620,
        0,
        1649,
        2045,
        0,
        1714,
        0,
        0,
        2620,
        0,
        0,
        2620,
        2618,
        0,
        0,
        2620,
        2620,
        0,
        0,
        0,
        0,
        0,
        0,
        0,
        2,
        0,
        25,
        0,
        0,
        0,
        0,
        2620,
        0,
        2620,
        0,
        0,
        6,
        2620,
        0,
        0,
        2597,
        0,
        2620,
        0,
        0,
        0,
        2620,
        2620,
        2,
        0,
        0,
        53,
        0,
        0,
        0,
        690,
        0,
        1,
        86,
        1911,
        2620,
        2620,
        0,
        0,
        0,
        2620,
        0,
        2620,
        0,
        236,
        0,
        2574,
        9,
        2620,
        2620,
        2620,
        2234,
        0,
        558,
        0,
        2620,
        2597,
        2620,
        0,
        2620,
        0,
        2620,
        0,
        0,
        0,
        2620,
        0,
        0,
        0,
        0,
        0,
        2620,
        0,
        0,
        2620,
        0,
        2620,
        627,
        2610,
        2620,
        2620,
        18,
        0,
        2620,
        0,
        2591,
        0,
        0,
        0,
        2620,
        2620,
        2604,
        2620,
        321,
        2620,
        0,
        2620,
        2620,
        0,
        2620,
        2617,
        4,
        0,
        2478,
        1,
        181,
        2620,
        0,
        870,
        2620,
        2620,
        0,
        0,
        2620,
        2620,
        2596,
        0,
        2620,
        0,
        2620,
        2570,
        2602,
        0,
        0,
        0,
        0,
        2620,
        0,
        2620,
        0,
        0,
        0,
        1034,
        0,
        2595,
        0,
        298,
        0,
        2620,
        0,
        2620,
        2620,
        2578,
        0,
        2620,
        29,
        100,
        2619,
        0,
        0,
        0,
        17,
        2620,
        0,
        2615,
        0,
        37,
        0,
        0,
        2620,
        2620,
        2620,
        2620,
        0,
        2620,
        2620,
        0,
        0,
        2620,
        2591,
        0,
        2620,
        2620,
        2620,
        2620,
        2589,
        2620,
        2620,
        0,
        17,
        45,
        0,
        2620,
        0,
        0,
        2620,
        9,
        2620,
        0,
        2609,
        0,
        0,
        0,
        0,
        0,
        0,
        17,
        0,
        0,
        0,
        0,
        12,
        0,
        0,
        0,
        0,
        0,
        0,
        0,
        2317,
        76,
        43,
        2620,
        0,
        0,
        2620,
        0,
        2620,
        30,
        14,
        1762,
        0,
        2620,
        2620,
        2620,
        2620,
        0,
        0,
        2620,
        0,
        0,
        2620,
        0,
        2620,
        0,
        106,
        2620,
        0,
        3,
        0,
        2620,
        0,
        2620,
        0,
        306,
        1,
        0,
        0,
        2620,
        2620,
        0,
        54,
        2606,
        5,
        1535,
        2620,
        2620,
        2620,
        0,
        2620,
        0,
        2620,
        0,
        0,
        0,
        2620,
        0,
        0,
        0,
        2620,
        2,
        0,
        2470,
        0,
        0,
        2490,
        2620,
        2620,
        0,
        0,
        2620,
        2620,
        0,
        0,
        2620,
        0,
        2620,
        0,
        2620,
        2617,
        0,
        0,
        2620,
        0,
        0,
        2620,
        0,
        2620,
        0,
        486,
        208,
        0,
        2620,
        0,
        0,
        0,
        2620,
        0,
        2620,
        0,
        3,
        2620,
        2620,
        0,
        2620,
        2620,
        0,
        2620,
        2620,
        2620,
        0,
        0,
        2620,
        0,
        0,
        0,
        0,
        0,
        2620,
        2620,
        2620,
        2620,
        0,
        0,
        0,
        498,
        2424,
        0,
        0,
        0,
        2620,
        2620,
        0,
        0,
        0,
        0,
        0,
        0,
        2620,
        0,
        1795,
        2620,
        2620,
        234,
        0,
        0,
        0,
        0,
        2620,
        0
    ]
}