{
    "mean_exact_match": 0.3263358771800995,
    "mean_bleu_score": 0.79655694453734,
    "mean_rougeL_score": 0.9064387205809429,
    "mean_rouge4_score": 0.7351667827921233,
    "mean_wer_score": 0.14109099208764456,
    "mean_cer_score": 0.0961969635497854,
    "total_validation_time": 1603.2660024166107,
    "token_use_counts": [
        0,
        219,
        2620,
        0,
        113,
        2620,
        0,
        2620,
        0,
        2620,
        2605,
        2557,
        2620,
        2620,
        0,
        2620,
        0,
        1638,
        2028,
        0,
        1718,
        0,
        0,
        2620,
        0,
        0,
        2620,
        2618,
        0,
        0,
        2620,
        2620,
        0,
        0,
        0,
        0,
        0,
        0,
        0,
        0,
        0,
        25,
        0,
        0,
        0,
        0,
        2620,
        0,
        2620,
        0,
        0,
        6,
        2620,
        1,
        0,
        2598,
        0,
        2620,
        0,
        0,
        0,
        2620,
        2620,
        4,
        0,
        0,
        49,
        0,
        0,
        0,
        682,
        0,
        1,
        83,
        1887,
        2620,
        2620,
        0,
        0,
        0,
        2620,
        0,
        2620,
        0,
        203,
        0,
        2576,
        9,
        2620,
        2620,
        2620,
        2237,
        0,
        562,
        0,
        2620,
        2597,
        2620,
        0,
        2620,
        0,
        2620,
        0,
        0,
        0,
        2620,
        0,
        0,
        0,
        0,
        0,
        2620,
        0,
        0,
        2620,
        0,
        2620,
        639,
        2610,
        2620,
        2620,
        18,
        0,
        2620,
        0,
        2592,
        0,
        0,
        0,
        2620,
        2620,
        2604,
        2620,
        312,
        2620,
        0,
        2620,
        2620,
        0,
        2620,
        2617,
        4,
        0,
        2469,
        1,
        178,
        2620,
        0,
        890,
        2620,
        2620,
        0,
        0,
        2620,
        2620,
        2596,
        0,
        2620,
        0,
        2620,
        2573,
        2602,
        0,
        0,
        0,
        0,
        2620,
        0,
        2620,
        0,
        0,
        0,
        1129,
        0,
        2596,
        0,
        297,
        0,
        2620,
        0,
        2620,
        2620,
        2577,
        0,
        2620,
        26,
        107,
        2619,
        0,
        0,
        0,
        17,
        2620,
        0,
        2617,
        0,
        36,
        0,
        0,
        2620,
        2620,
        2620,
        2620,
        0,
        2620,
        2620,
        0,
        0,
        2620,
        2588,
        0,
        2620,
        2620,
        2620,
        2620,
        2591,
        2620,
        2620,
        0,
        17,
        51,
        0,
        2620,
        0,
        0,
        2620,
        9,
        2620,
        0,
        2610,
        0,
        0,
        0,
        0,
        0,
        0,
        27,
        0,
        0,
        0,
        0,
        10,
        0,
        0,
        0,
        0,
        0,
        0,
        0,
        2284,
        80,
        49,
        2620,
        0,
        0,
        2620,
        0,
        2620,
        29,
        14,
        1778,
        0,
        2620,
        2620,
        2620,
        2620,
        0,
        0,
        2620,
        0,
        0,
        2620,
        0,
        2620,
        0,
        118,
        2620,
        0,
        1,
        0,
        2620,
        0,
        2620,
        0,
        310,
        1,
        0,
        0,
        2620,
        2620,
        0,
        59,
        2606,
        5,
        1528,
        2620,
        2620,
        2620,
        0,
        2620,
        0,
        2620,
        0,
        0,
        0,
        2620,
        0,
        0,
        0,
        2620,
        1,
        0,
        2475,
        0,
        0,
        2496,
        2620,
        2620,
        0,
        0,
        2620,
        2620,
        0,
        0,
        2620,
        0,
        2620,
        0,
        2620,
        2617,
        0,
        0,
        2620,
        0,
        0,
        2620,
        0,
        2620,
        0,
        461,
        217,
        0,
        2620,
        0,
        0,
        0,
        2620,
        0,
        2620,
        0,
        2,
        2620,
        2620,
        0,
        2620,
        2620,
        0,
        2620,
        2620,
        2620,
        0,
        0,
        2620,
        0,
        0,
        0,
        0,
        0,
        2620,
        2620,
        2620,
        2620,
        0,
        0,
        0,
        520,
        2415,
        0,
        0,
        0,
        2620,
        2620,
        0,
        0,
        0,
        0,
        0,
        0,
        2620,
        0,
        1759,
        2620,
        2620,
        230,
        0,
        0,
        0,
        0,
        2620,
        0
    ]
}