{
    "mean_exact_match": 0.8950573205947876,
    "mean_bleu_score": 0.0,
    "mean_rougeL_score": 0.895077998521645,
    "mean_rouge4_score": 0.0,
    "mean_wer_score": 0.15003589375448673,
    "mean_cer_score": 0.2327703565047222,
    "total_validation_time": 43979.4929561615,
    "token_use_counts": [
        0,
        37570,
        37605,
        0,
        0,
        37611,
        30179,
        37611,
        0,
        37611,
        37611,
        622,
        37611,
        37611,
        0,
        37611,
        0,
        37611,
        0,
        0,
        37611,
        0,
        0,
        37611,
        0,
        0,
        37611,
        37611,
        0,
        0,
        37611,
        37611,
        0,
        0,
        2859,
        0,
        0,
        0,
        0,
        0,
        0,
        26941,
        0,
        0,
        0,
        0,
        37611,
        0,
        37611,
        0,
        0,
        0,
        37611,
        0,
        0,
        30470,
        0,
        37611,
        0,
        0,
        0,
        37611,
        37611,
        0,
        0,
        0,
        31774,
        0,
        0,
        0,
        37611,
        0,
        0,
        36902,
        0,
        37611,
        37611,
        0,
        0,
        0,
        37611,
        0,
        37611,
        0,
        20396,
        0,
        37586,
        0,
        37611,
        37611,
        37611,
        8,
        0,
        37611,
        0,
        37611,
        7463,
        37611,
        0,
        37611,
        0,
        37611,
        0,
        0,
        0,
        37611,
        0,
        0,
        0,
        0,
        0,
        37611,
        0,
        0,
        37611,
        0,
        37611,
        0,
        37561,
        37611,
        37611,
        13209,
        0,
        37611,
        0,
        279,
        0,
        0,
        0,
        37611,
        37611,
        30887,
        37611,
        37601,
        37611,
        0,
        37611,
        37611,
        0,
        37611,
        37236,
        13085,
        0,
        8,
        0,
        37536,
        37611,
        0,
        0,
        37611,
        37611,
        0,
        0,
        37611,
        37611,
        26252,
        0,
        37611,
        0,
        37611,
        3550,
        12237,
        0,
        0,
        0,
        0,
        37611,
        0,
        37611,
        0,
        0,
        0,
        8,
        0,
        13448,
        0,
        0,
        0,
        37611,
        0,
        37611,
        37611,
        5437,
        0,
        37611,
        32691,
        0,
        37611,
        0,
        0,
        0,
        26618,
        37611,
        0,
        34340,
        0,
        356,
        0,
        0,
        37611,
        37611,
        37611,
        37611,
        0,
        37611,
        37611,
        0,
        0,
        37611,
        3629,
        0,
        37611,
        37611,
        37611,
        37611,
        8934,
        37611,
        37611,
        0,
        0,
        5492,
        0,
        37611,
        0,
        0,
        37611,
        0,
        37611,
        0,
        29896,
        0,
        0,
        0,
        0,
        0,
        0,
        0,
        0,
        0,
        0,
        0,
        24,
        0,
        0,
        0,
        0,
        0,
        0,
        0,
        37611,
        0,
        36442,
        37611,
        0,
        0,
        37611,
        0,
        37611,
        33200,
        3132,
        0,
        0,
        37611,
        37611,
        37611,
        37611,
        0,
        0,
        37611,
        0,
        0,
        37611,
        0,
        37611,
        0,
        0,
        37611,
        0,
        0,
        0,
        37611,
        0,
        37611,
        0,
        0,
        511,
        0,
        0,
        37611,
        37611,
        0,
        0,
        12342,
        0,
        37611,
        37611,
        37611,
        37611,
        0,
        37611,
        0,
        37611,
        0,
        0,
        0,
        37611,
        0,
        0,
        0,
        37611,
        31040,
        0,
        145,
        0,
        0,
        85,
        37611,
        37611,
        0,
        0,
        37611,
        37611,
        0,
        0,
        37611,
        0,
        37611,
        0,
        37611,
        37611,
        0,
        0,
        37611,
        6,
        0,
        37611,
        0,
        37611,
        0,
        0,
        37536,
        0,
        37611,
        0,
        0,
        0,
        37611,
        0,
        37611,
        0,
        3,
        37611,
        37611,
        0,
        37611,
        37611,
        0,
        37611,
        37611,
        37611,
        0,
        0,
        37611,
        0,
        0,
        0,
        0,
        0,
        37611,
        37611,
        37611,
        37611,
        0,
        0,
        0,
        37606,
        37611,
        0,
        0,
        0,
        37611,
        37611,
        0,
        0,
        0,
        0,
        0,
        0,
        37611,
        0,
        0,
        37611,
        37611,
        37538,
        0,
        0,
        0,
        0,
        37611,
        0
    ]
}