{
    "mean_exact_match": 0.0,
    "mean_bleu_score": 0.1298675868651582,
    "mean_rougeL_score": 0.35792746247464524,
    "mean_rouge4_score": 0.010575811062707427,
    "mean_wer_score": 0.9822633025231077,
    "mean_cer_score": 0.7709498079145454,
    "total_validation_time": 514.7232835292816,
    "token_use_counts": [
        1043,
        1045,
        22,
        1045,
        22,
        22,
        1045,
        1043,
        1045,
        1045,
        20,
        1043,
        1043,
        20,
        20,
        1043,
        1043,
        19,
        18,
        16,
        1045,
        16,
        1045,
        16,
        16,
        1043,
        16,
        1043,
        1045,
        15,
        14,
        14,
        14,
        14,
        1045,
        13,
        16,
        13,
        12,
        16,
        1043,
        1043,
        16,
        14,
        1043,
        14,
        14,
        14,
        1045,
        1045,
        12,
        1045,
        12,
        1043,
        12,
        12,
        12,
        1043,
        1045,
        1043,
        12,
        12,
        12,
        1045,
        12,
        1043,
        1045,
        1043,
        1045,
        1045,
        1043,
        1043,
        1045,
        1045,
        12,
        11,
        1043,
        12,
        1043,
        1045,
        1043,
        1045,
        11,
        11,
        1045,
        15,
        15,
        1043,
        15,
        11,
        12,
        1043,
        1045,
        1043,
        1045,
        1045,
        1043,
        1043,
        1045,
        12,
        1045,
        1045,
        1043,
        1045,
        12,
        13,
        1043,
        1045,
        1045,
        1042,
        15,
        11,
        1045,
        1045,
        1045,
        11,
        1045,
        1045,
        13,
        1042,
        13,
        1042,
        1045,
        1042,
        1042,
        12,
        1042,
        1041,
        13,
        1042,
        1042,
        13,
        1042,
        1045,
        1042,
        1042,
        13,
        13,
        1045,
        1042,
        1045,
        1042,
        13,
        15,
        1045,
        1045,
        1045,
        1042,
        15,
        1045,
        1042,
        1045,
        12,
        12,
        1041,
        1042,
        12,
        15,
        14,
        1041,
        1045,
        13,
        1041,
        1045,
        1041,
        12,
        1041,
        1045,
        1041,
        1040,
        1045,
        12,
        1045,
        1045,
        1040,
        12,
        1040,
        1045,
        1040,
        1045,
        1040,
        1040,
        12,
        1040,
        1040,
        1045,
        1040,
        1045,
        1040,
        1045,
        1040,
        1040,
        1040,
        1040,
        1045,
        1040,
        1045,
        1045,
        1045,
        1040,
        1040,
        1040,
        1045,
        17,
        1040,
        12,
        1040,
        1045,
        12,
        12,
        1045,
        1040,
        1040,
        1040,
        1040,
        12,
        1045,
        1040,
        1039,
        1038,
        12,
        1038,
        1045,
        1037,
        1045,
        1038,
        1038,
        12,
        1038,
        1038,
        1045,
        1045,
        1045,
        1037,
        1045,
        1038,
        114,
        11,
        11,
        11,
        10,
        1045,
        1036,
        1035,
        1035,
        1035,
        1035,
        9,
        1035,
        1045,
        1035,
        1045,
        9,
        1035,
        15,
        1045,
        9,
        1035,
        1035,
        13,
        1035,
        1045,
        1045,
        9,
        13,
        1036,
        1045,
        1045,
        1036,
        1038,
        28,
        26,
        95,
        1036,
        1034,
        1045,
        29,
        1045,
        1037,
        1045,
        1045,
        52,
        1037,
        183,
        641,
        712,
        1035,
        998,
        1038,
        1037,
        1038,
        1045,
        1036,
        1045,
        970,
        1045,
        1038,
        1035,
        914,
        1035,
        1045,
        841,
        1028,
        843,
        1045,
        1035,
        1035,
        1035,
        1045,
        1035,
        1038,
        1045,
        1038,
        853,
        1017,
        1045,
        1037,
        1039,
        1045,
        1020,
        761,
        789,
        1035,
        1035,
        1035,
        1035,
        1037,
        1045,
        1035,
        1035,
        1045,
        1040,
        828,
        1045,
        1045,
        1035,
        1045,
        1035,
        1045,
        1035,
        1045,
        1039,
        1035,
        1045,
        1035,
        1031,
        897,
        1045,
        1002,
        1028,
        1045,
        1030,
        1027,
        1037,
        1034,
        1037,
        1037,
        1045,
        1037,
        1033,
        1033,
        1045,
        1030,
        1027,
        1045,
        1037,
        1036,
        1037,
        1037,
        1034,
        1034,
        1034,
        1045,
        1045,
        1034,
        1045,
        1032,
        1032,
        1034,
        1034,
        1033,
        1034,
        1045,
        1034,
        1033,
        1032,
        1045,
        1033,
        1033,
        1033,
        1045,
        1033,
        1032,
        1033,
        1033,
        1034,
        1045,
        1033,
        1033,
        1034
    ]
}