{
    "mean_exact_match": 0.034385062754154205,
    "mean_bleu_score": 0.03222954598513243,
    "mean_rougeL_score": 0.03068182976491378,
    "mean_rouge4_score": 0.0008297304755772239,
    "mean_wer_score": 1.0097775820303898,
    "mean_cer_score": 0.6755596849836297,
    "total_validation_time": 7118.755799531937,
    "token_use_counts": [
        15530,
        15530,
        916,
        15530,
        777,
        562,
        15530,
        15530,
        15530,
        15530,
        515,
        15530,
        15530,
        437,
        404,
        15530,
        15530,
        328,
        287,
        245,
        15530,
        199,
        15530,
        179,
        151,
        15530,
        108,
        15530,
        15530,
        102,
        89,
        77,
        71,
        54,
        15530,
        48,
        34,
        36,
        33,
        26,
        15530,
        15529,
        23,
        21,
        15529,
        21,
        17,
        13,
        15530,
        15530,
        12,
        15530,
        12,
        15529,
        11,
        11,
        11,
        15529,
        15530,
        15529,
        11,
        11,
        9,
        15530,
        9,
        15529,
        15530,
        15529,
        15530,
        15530,
        15529,
        15529,
        15530,
        15530,
        8,
        8,
        15529,
        6,
        15529,
        15530,
        15529,
        15530,
        7,
        7,
        15530,
        6,
        6,
        15529,
        6,
        6,
        6,
        15529,
        15530,
        15529,
        15530,
        15530,
        15529,
        15529,
        15530,
        6,
        15530,
        15530,
        15529,
        15530,
        6,
        4,
        15529,
        15530,
        15530,
        15529,
        4,
        6,
        15530,
        15530,
        15530,
        6,
        15530,
        15530,
        4,
        15529,
        4,
        15529,
        15530,
        15529,
        15529,
        5,
        15529,
        15529,
        4,
        15529,
        15529,
        4,
        15529,
        15530,
        15529,
        15529,
        4,
        4,
        15530,
        15529,
        15530,
        15529,
        5,
        4,
        15530,
        15530,
        15530,
        15529,
        4,
        15530,
        15529,
        15530,
        4,
        5,
        15529,
        15529,
        5,
        4,
        6,
        15529,
        15530,
        6,
        15529,
        15530,
        15529,
        6,
        15529,
        15530,
        15529,
        15529,
        15530,
        6,
        15530,
        15530,
        15529,
        6,
        15529,
        15530,
        15529,
        15530,
        15529,
        15529,
        6,
        15529,
        15529,
        15530,
        15529,
        15530,
        15529,
        15530,
        15529,
        15529,
        15529,
        15529,
        15530,
        15529,
        15530,
        15530,
        15530,
        15529,
        15529,
        15529,
        15530,
        5,
        15529,
        7,
        15529,
        15530,
        15,
        9,
        15530,
        15529,
        15529,
        15529,
        15529,
        48,
        15530,
        15529,
        15529,
        15529,
        10,
        15529,
        15530,
        15529,
        15530,
        15529,
        15529,
        60,
        15529,
        15529,
        15530,
        15530,
        15530,
        15529,
        15530,
        15529,
        749,
        205,
        421,
        176,
        1867,
        15530,
        15529,
        15529,
        15529,
        15529,
        15529,
        3546,
        15529,
        15530,
        15529,
        15530,
        4085,
        15529,
        4695,
        15530,
        2608,
        15529,
        15529,
        4133,
        15529,
        15530,
        15530,
        2585,
        1523,
        15527,
        15530,
        15530,
        15526,
        15526,
        1133,
        2701,
        4306,
        15526,
        15526,
        15530,
        2873,
        15530,
        15526,
        15530,
        15530,
        2886,
        15526,
        2826,
        4057,
        3422,
        15525,
        5710,
        15525,
        15524,
        15524,
        15530,
        15524,
        15530,
        6863,
        15530,
        15525,
        15525,
        10607,
        15525,
        15530,
        10224,
        14230,
        8362,
        15530,
        15525,
        15525,
        15525,
        15530,
        15525,
        11994,
        15530,
        15525,
        11190,
        14988,
        15530,
        14563,
        13034,
        15530,
        13741,
        13353,
        14710,
        15525,
        15525,
        15525,
        15525,
        14989,
        15530,
        15524,
        15524,
        15530,
        15267,
        15307,
        15530,
        15530,
        15524,
        15530,
        15524,
        15530,
        15524,
        15530,
        15125,
        15524,
        15530,
        15524,
        15485,
        15435,
        15530,
        15383,
        15467,
        15530,
        15370,
        15506,
        15422,
        15499,
        15416,
        15405,
        15530,
        15478,
        15522,
        15523,
        15530,
        15522,
        15522,
        15530,
        15490,
        15494,
        15497,
        15502,
        15521,
        15521,
        15521,
        15530,
        15530,
        15519,
        15530,
        15519,
        15518,
        15518,
        15513,
        15519,
        15513,
        15530,
        15512,
        15511,
        15518,
        15530,
        15517,
        15516,
        15516,
        15530,
        15514,
        15517,
        15515,
        15514,
        15511,
        15530,
        15506,
        15504,
        15512
    ]
}