{
    "mean_exact_match": 0.577617347240448,
    "mean_bleu_score": 0.0,
    "mean_rougeL_score": 0.5776173285198556,
    "mean_rouge4_score": 0.0,
    "mean_wer_score": 0.4223826714801444,
    "mean_cer_score": 0.4607366226546213,
    "total_validation_time": 117.97030472755432,
    "token_use_counts": [
        551,
        554,
        446,
        554,
        434,
        421,
        554,
        551,
        554,
        554,
        406,
        551,
        551,
        390,
        381,
        550,
        549,
        363,
        355,
        338,
        554,
        318,
        554,
        306,
        293,
        548,
        274,
        548,
        554,
        270,
        253,
        244,
        233,
        214,
        554,
        207,
        194,
        192,
        184,
        172,
        547,
        547,
        168,
        162,
        547,
        157,
        141,
        135,
        554,
        554,
        133,
        554,
        133,
        547,
        130,
        131,
        123,
        547,
        554,
        547,
        121,
        118,
        105,
        554,
        101,
        547,
        554,
        547,
        554,
        554,
        547,
        547,
        554,
        554,
        100,
        98,
        547,
        95,
        547,
        554,
        547,
        554,
        96,
        95,
        554,
        93,
        91,
        547,
        91,
        91,
        90,
        547,
        554,
        546,
        554,
        554,
        546,
        546,
        554,
        89,
        554,
        554,
        546,
        554,
        89,
        84,
        546,
        554,
        554,
        546,
        83,
        78,
        554,
        554,
        554,
        76,
        554,
        554,
        73,
        546,
        72,
        546,
        554,
        544,
        544,
        68,
        542,
        544,
        67,
        542,
        542,
        64,
        542,
        554,
        542,
        542,
        64,
        63,
        554,
        542,
        554,
        542,
        62,
        57,
        554,
        554,
        554,
        542,
        57,
        554,
        542,
        554,
        56,
        57,
        542,
        542,
        58,
        56,
        55,
        542,
        554,
        57,
        542,
        554,
        542,
        56,
        542,
        554,
        544,
        543,
        554,
        55,
        554,
        554,
        543,
        55,
        543,
        554,
        543,
        554,
        543,
        544,
        54,
        543,
        543,
        554,
        544,
        554,
        543,
        554,
        542,
        542,
        542,
        542,
        554,
        542,
        554,
        554,
        554,
        542,
        542,
        542,
        554,
        59,
        541,
        53,
        541,
        554,
        53,
        53,
        554,
        541,
        541,
        541,
        541,
        56,
        554,
        541,
        541,
        541,
        55,
        541,
        554,
        541,
        554,
        541,
        540,
        53,
        541,
        540,
        554,
        554,
        554,
        540,
        554,
        540,
        114,
        59,
        87,
        54,
        123,
        554,
        538,
        537,
        537,
        535,
        536,
        151,
        536,
        554,
        538,
        554,
        164,
        539,
        212,
        554,
        142,
        539,
        537,
        169,
        537,
        554,
        554,
        134,
        125,
        513,
        554,
        554,
        513,
        513,
        81,
        96,
        115,
        513,
        512,
        554,
        83,
        554,
        513,
        554,
        554,
        63,
        513,
        56,
        82,
        76,
        510,
        116,
        512,
        511,
        509,
        554,
        509,
        554,
        129,
        554,
        505,
        505,
        179,
        503,
        554,
        169,
        258,
        113,
        554,
        504,
        504,
        503,
        554,
        503,
        227,
        554,
        500,
        174,
        279,
        554,
        241,
        188,
        554,
        230,
        213,
        246,
        501,
        502,
        502,
        500,
        284,
        554,
        499,
        498,
        554,
        308,
        299,
        554,
        554,
        496,
        554,
        494,
        554,
        496,
        554,
        256,
        496,
        554,
        497,
        400,
        340,
        554,
        293,
        389,
        554,
        315,
        453,
        357,
        439,
        350,
        350,
        554,
        410,
        484,
        485,
        554,
        481,
        483,
        554,
        441,
        437,
        445,
        447,
        475,
        471,
        470,
        554,
        554,
        462,
        554,
        457,
        452,
        455,
        446,
        454,
        447,
        554,
        447,
        450,
        453,
        554,
        442,
        438,
        440,
        554,
        434,
        436,
        432,
        430,
        422,
        554,
        431,
        422,
        434
    ]
}