{
    "mean_exact_match": 0.0652671754360199,
    "mean_bleu_score": 0.2817848200500785,
    "mean_rougeL_score": 0.4937180241884086,
    "mean_rouge4_score": 0.23518096039197828,
    "mean_wer_score": 0.9283111767602167,
    "mean_cer_score": 0.7523372377508822,
    "total_validation_time": 1618.1662292480469,
    "token_use_counts": [
        1948,
        2620,
        2492,
        2620,
        2471,
        2430,
        2620,
        1939,
        2620,
        2620,
        2418,
        1918,
        1913,
        2396,
        2378,
        1902,
        1896,
        2345,
        2323,
        2283,
        2620,
        2239,
        2620,
        2219,
        2167,
        1869,
        2097,
        1864,
        2620,
        2088,
        2037,
        2007,
        1989,
        1897,
        2620,
        1876,
        1773,
        1796,
        1769,
        1673,
        1871,
        1853,
        1634,
        1588,
        1857,
        1573,
        1532,
        1493,
        2620,
        2620,
        1467,
        2620,
        1458,
        1857,
        1425,
        1425,
        1420,
        1825,
        2620,
        1831,
        1408,
        1399,
        1340,
        2620,
        1290,
        1815,
        2620,
        1813,
        2620,
        2620,
        1804,
        1790,
        2620,
        2620,
        1302,
        1294,
        1775,
        1254,
        1774,
        2620,
        1770,
        2620,
        1263,
        1261,
        2620,
        1207,
        1203,
        1762,
        1203,
        1228,
        1202,
        1751,
        2620,
        1749,
        2620,
        2620,
        1743,
        1738,
        2620,
        1200,
        2620,
        2620,
        1738,
        2620,
        1192,
        1130,
        1739,
        2620,
        2620,
        1732,
        1106,
        1138,
        2620,
        2620,
        2620,
        1137,
        2620,
        2620,
        1096,
        1731,
        1094,
        1729,
        2620,
        1730,
        1730,
        1095,
        1719,
        1736,
        1085,
        1681,
        1684,
        1080,
        1691,
        2620,
        1658,
        1665,
        1073,
        1071,
        2620,
        1664,
        2620,
        1660,
        1077,
        1064,
        2620,
        2620,
        2620,
        1662,
        1069,
        2620,
        1696,
        2620,
        1063,
        1074,
        1703,
        1692,
        1074,
        1064,
        1068,
        1694,
        2620,
        1075,
        1699,
        2620,
        1685,
        1075,
        1685,
        2620,
        1733,
        1746,
        2620,
        1068,
        2620,
        2620,
        1769,
        1069,
        1785,
        2620,
        1750,
        2620,
        1808,
        1804,
        1062,
        1780,
        1762,
        2620,
        1792,
        2620,
        1815,
        2620,
        1822,
        1821,
        1919,
        1902,
        2620,
        1907,
        2620,
        2620,
        2620,
        1879,
        1895,
        1953,
        2620,
        1067,
        1926,
        1082,
        1909,
        2620,
        1087,
        1060,
        2620,
        1910,
        1944,
        1932,
        1957,
        1103,
        2620,
        1955,
        1981,
        1982,
        1091,
        1976,
        2620,
        1970,
        2620,
        1953,
        1976,
        1094,
        1990,
        1968,
        2620,
        2620,
        2620,
        1997,
        2620,
        1945,
        1206,
        1147,
        1235,
        1152,
        1486,
        2620,
        1989,
        2101,
        2173,
        2130,
        2078,
        1577,
        2128,
        2620,
        2344,
        2620,
        1634,
        2343,
        1667,
        2620,
        1542,
        2307,
        2233,
        1500,
        2136,
        2620,
        2620,
        1460,
        1355,
        2096,
        2620,
        2620,
        2033,
        1985,
        1187,
        1271,
        1209,
        2043,
        1930,
        2620,
        1162,
        2620,
        1908,
        2620,
        2620,
        1091,
        1851,
        1025,
        1015,
        975,
        1819,
        959,
        1793,
        2138,
        2055,
        2620,
        2056,
        2620,
        988,
        2620,
        2008,
        2061,
        1142,
        2085,
        2620,
        1095,
        1312,
        978,
        2620,
        2164,
        2155,
        2021,
        2620,
        2086,
        1111,
        2620,
        1830,
        1109,
        1363,
        2620,
        1264,
        1076,
        2620,
        1249,
        1252,
        1374,
        2062,
        2088,
        2045,
        2022,
        1331,
        2620,
        2000,
        2052,
        2620,
        1376,
        1558,
        2620,
        2620,
        2087,
        2620,
        2046,
        2620,
        2074,
        2620,
        1290,
        2026,
        2620,
        1972,
        1990,
        1772,
        2620,
        1525,
        1952,
        2620,
        1610,
        2183,
        1711,
        2082,
        1706,
        1683,
        2620,
        1894,
        2366,
        2407,
        2620,
        2360,
        2380,
        2620,
        2008,
        2041,
        2053,
        2021,
        2292,
        2262,
        2245,
        2620,
        2620,
        2156,
        2620,
        2183,
        2145,
        2120,
        2058,
        2145,
        2065,
        2620,
        2080,
        2047,
        2111,
        2620,
        2051,
        1996,
        2014,
        2620,
        1975,
        1989,
        1936,
        1898,
        1841,
        2620,
        1706,
        1668,
        1819
    ]
}