{
    "mean_exact_match": 0.5641221404075623,
    "mean_bleu_score": 0.9135001421445488,
    "mean_rougeL_score": 0.9547928761010118,
    "mean_rouge4_score": 0.860239130811001,
    "mean_wer_score": 0.0513542300669507,
    "mean_cer_score": 0.028129515349519192,
    "total_validation_time": 1644.968475818634,
    "token_use_counts": [
        1947,
        2620,
        2489,
        2620,
        2471,
        2430,
        2620,
        1940,
        2620,
        2620,
        2419,
        1915,
        1912,
        2399,
        2378,
        1905,
        1893,
        2346,
        2323,
        2283,
        2620,
        2238,
        2620,
        2220,
        2166,
        1869,
        2093,
        1865,
        2620,
        2084,
        2036,
        2011,
        1990,
        1893,
        2620,
        1875,
        1770,
        1797,
        1770,
        1680,
        1870,
        1850,
        1634,
        1589,
        1853,
        1575,
        1531,
        1494,
        2620,
        2620,
        1465,
        2620,
        1456,
        1855,
        1428,
        1425,
        1419,
        1823,
        2620,
        1832,
        1409,
        1396,
        1340,
        2620,
        1290,
        1816,
        2620,
        1812,
        2620,
        2620,
        1804,
        1791,
        2620,
        2620,
        1301,
        1293,
        1774,
        1253,
        1774,
        2620,
        1772,
        2620,
        1264,
        1258,
        2620,
        1205,
        1202,
        1763,
        1201,
        1225,
        1203,
        1749,
        2620,
        1748,
        2620,
        2620,
        1743,
        1736,
        2620,
        1199,
        2620,
        2620,
        1735,
        2620,
        1192,
        1132,
        1736,
        2620,
        2620,
        1730,
        1107,
        1136,
        2620,
        2620,
        2620,
        1135,
        2620,
        2620,
        1097,
        1730,
        1094,
        1728,
        2620,
        1729,
        1734,
        1094,
        1721,
        1737,
        1080,
        1680,
        1679,
        1073,
        1686,
        2620,
        1654,
        1666,
        1068,
        1066,
        2620,
        1666,
        2620,
        1662,
        1076,
        1066,
        2620,
        2620,
        2620,
        1665,
        1067,
        2620,
        1696,
        2620,
        1059,
        1069,
        1699,
        1690,
        1073,
        1060,
        1067,
        1691,
        2620,
        1074,
        1702,
        2620,
        1685,
        1073,
        1685,
        2620,
        1730,
        1742,
        2620,
        1066,
        2620,
        2620,
        1768,
        1065,
        1785,
        2620,
        1748,
        2620,
        1808,
        1807,
        1060,
        1783,
        1759,
        2620,
        1796,
        2620,
        1818,
        2620,
        1825,
        1819,
        1917,
        1902,
        2620,
        1909,
        2620,
        2620,
        2620,
        1878,
        1902,
        1957,
        2620,
        1065,
        1928,
        1078,
        1909,
        2620,
        1089,
        1061,
        2620,
        1912,
        1943,
        1932,
        1953,
        1104,
        2620,
        1958,
        1985,
        1984,
        1091,
        1975,
        2620,
        1979,
        2620,
        1956,
        1978,
        1093,
        1994,
        1970,
        2620,
        2620,
        2620,
        1995,
        2620,
        1942,
        1203,
        1140,
        1235,
        1153,
        1498,
        2620,
        1989,
        2102,
        2178,
        2128,
        2077,
        1594,
        2133,
        2620,
        2343,
        2620,
        1649,
        2331,
        1683,
        2620,
        1552,
        2302,
        2237,
        1494,
        2133,
        2620,
        2620,
        1459,
        1361,
        2093,
        2620,
        2620,
        2026,
        1980,
        1196,
        1272,
        1204,
        2040,
        1927,
        2620,
        1157,
        2620,
        1901,
        2620,
        2620,
        1105,
        1840,
        1040,
        1021,
        974,
        1806,
        961,
        1785,
        2141,
        2054,
        2620,
        2058,
        2620,
        983,
        2620,
        2007,
        2059,
        1133,
        2083,
        2620,
        1099,
        1322,
        970,
        2620,
        2164,
        2159,
        2011,
        2620,
        2083,
        1109,
        2620,
        1823,
        1115,
        1353,
        2620,
        1280,
        1078,
        2620,
        1261,
        1262,
        1377,
        2072,
        2090,
        2044,
        2025,
        1331,
        2620,
        2005,
        2059,
        2620,
        1359,
        1546,
        2620,
        2620,
        2094,
        2620,
        2059,
        2620,
        2090,
        2620,
        1292,
        2035,
        2620,
        1982,
        1990,
        1768,
        2620,
        1527,
        1952,
        2620,
        1603,
        2186,
        1708,
        2083,
        1697,
        1677,
        2620,
        1892,
        2369,
        2411,
        2620,
        2361,
        2380,
        2620,
        2006,
        2044,
        2050,
        2020,
        2282,
        2263,
        2249,
        2620,
        2620,
        2152,
        2620,
        2185,
        2144,
        2121,
        2061,
        2151,
        2058,
        2620,
        2079,
        2054,
        2121,
        2620,
        2055,
        1990,
        2010,
        2620,
        1965,
        1988,
        1937,
        1890,
        1830,
        2620,
        1709,
        1675,
        1829
    ]
}