{
    "mean_exact_match": 0.8933822512626648,
    "mean_bleu_score": 0.0,
    "mean_rougeL_score": 0.8935950967495925,
    "mean_rouge4_score": 0.0,
    "mean_wer_score": 0.1981867006992635,
    "mean_cer_score": 0.2928188547604867,
    "total_validation_time": 29260.9922683239,
    "token_use_counts": [
        36580,
        37611,
        37611,
        37611,
        37611,
        37611,
        37611,
        36664,
        37611,
        37611,
        37611,
        36542,
        36483,
        37611,
        37611,
        36392,
        36353,
        37611,
        37611,
        37611,
        37611,
        37611,
        37611,
        37611,
        37611,
        36025,
        37611,
        35974,
        37611,
        37611,
        37610,
        37610,
        37610,
        37609,
        37611,
        37609,
        37608,
        37608,
        37603,
        37598,
        35701,
        35698,
        37595,
        37589,
        35474,
        37584,
        37562,
        37558,
        37611,
        37611,
        37537,
        37611,
        37531,
        35306,
        37489,
        37490,
        37467,
        35286,
        37611,
        35179,
        37437,
        37416,
        37367,
        37611,
        37284,
        34976,
        37611,
        34891,
        37611,
        37611,
        34770,
        34702,
        37611,
        37611,
        37263,
        37204,
        34529,
        37076,
        34408,
        37611,
        34339,
        37611,
        37065,
        37042,
        37611,
        36948,
        36916,
        34316,
        36894,
        36810,
        36755,
        34230,
        37611,
        33944,
        37611,
        37611,
        33894,
        33795,
        37611,
        36700,
        37611,
        37611,
        33669,
        37611,
        36628,
        36422,
        33545,
        37611,
        37611,
        32441,
        36348,
        36291,
        37611,
        37611,
        37611,
        36231,
        37611,
        37611,
        36180,
        32349,
        36059,
        32170,
        37611,
        31798,
        31647,
        35907,
        31185,
        30898,
        35804,
        31083,
        30830,
        35620,
        30645,
        37611,
        30488,
        30472,
        35558,
        35418,
        37611,
        30475,
        37611,
        30295,
        35287,
        34603,
        37611,
        37611,
        37611,
        30453,
        34509,
        37611,
        30246,
        37611,
        34310,
        34376,
        29931,
        29965,
        34406,
        34228,
        34157,
        29899,
        37611,
        34215,
        29830,
        37611,
        29426,
        34052,
        29439,
        37611,
        29687,
        29105,
        37611,
        33748,
        37611,
        37611,
        29184,
        33556,
        29160,
        37611,
        29055,
        37611,
        28903,
        28720,
        33525,
        28374,
        28131,
        37611,
        28228,
        37611,
        28174,
        37611,
        28110,
        27276,
        26785,
        26563,
        37611,
        26923,
        37611,
        37611,
        37611,
        26309,
        26118,
        26027,
        37611,
        33430,
        25614,
        33306,
        25564,
        37611,
        33223,
        33123,
        37611,
        25051,
        25261,
        25275,
        25041,
        33366,
        37611,
        24842,
        24427,
        24116,
        32995,
        23838,
        37611,
        23484,
        37611,
        23578,
        23229,
        33119,
        22910,
        22582,
        37611,
        37611,
        37611,
        23328,
        37611,
        22220,
        33083,
        32965,
        32718,
        31581,
        31783,
        37611,
        21954,
        21638,
        22172,
        21144,
        20821,
        31490,
        20617,
        37611,
        20476,
        37611,
        31267,
        20481,
        31151,
        37611,
        31076,
        20231,
        19670,
        30394,
        19586,
        37611,
        37611,
        30729,
        30192,
        9539,
        37611,
        37611,
        9512,
        9588,
        19962,
        19809,
        19084,
        9212,
        8557,
        37611,
        19554,
        37611,
        9004,
        37611,
        37611,
        19283,
        8371,
        18634,
        18408,
        18004,
        7825,
        17654,
        7806,
        8509,
        8213,
        37611,
        8253,
        37611,
        17341,
        37611,
        8345,
        7944,
        16341,
        7825,
        37611,
        15870,
        14962,
        16094,
        37611,
        7868,
        7855,
        7171,
        37611,
        7272,
        15296,
        37611,
        6618,
        15366,
        13941,
        37611,
        14805,
        14692,
        37611,
        14681,
        14556,
        14055,
        6571,
        6730,
        6745,
        6409,
        13303,
        37611,
        6189,
        6226,
        37611,
        12880,
        13438,
        37611,
        37611,
        5886,
        37611,
        5916,
        37611,
        5750,
        37611,
        12733,
        5804,
        37611,
        5263,
        11494,
        12051,
        37611,
        11971,
        11756,
        37611,
        12286,
        10502,
        11177,
        9889,
        11004,
        10484,
        37611,
        9884,
        8394,
        7608,
        37611,
        8461,
        8453,
        37611,
        9000,
        8792,
        8602,
        8245,
        7461,
        7803,
        7442,
        37611,
        37611,
        7440,
        37611,
        7364,
        7482,
        7320,
        7147,
        6811,
        6790,
        37611,
        6368,
        6127,
        5714,
        37611,
        5962,
        5949,
        5992,
        37611,
        5833,
        5807,
        5545,
        5376,
        5239,
        37611,
        4535,
        4423,
        4335
    ]
}